{
    "rhat_max": 1.0146455018269787,
    "rhat_mean": 1.0040145594669834,
    "ess_min": 165.82284537642894,
    "ess_mean": 692.7807095298825,
    "n_eff": 2145248118
}