{
    "r2": 0.9390543124359283,
    "rmse": 6.612431695248987,
    "mae": 4.054737146654729,
    "picp_90": 0.9304359007329305
}