{
    "r2": 0.8890551297812532,
    "rmse": 8.921611790131847,
    "mae": 2.9742632683701413,
    "crps": 2.9742049795899734,
    "nu_median": 2.1695801833447357,
    "picp_50": 0.8114954352578115,
    "picp_80": 0.8144528738588145,
    "picp_90": 0.815995885302816,
    "picp_95": 0.8167673910248168,
    "picp_99": 0.8188247396168188
}