{
    "feature_importance": {
        "ghg_emissions_int_log": 0.17970588770519993,
        "floor_area_log": 0.007495862163881003,
        "electric_eui": 0.15387570286737637,
        "fuel_eui": 0.14064983032396658,
        "energy_star_rating_normalized": 0.017887740681190364,
        "energy_mix": 0.004507197454512923,
        "building_age_log": 0.02605622351643439,
        "floor_area_squared": 0.002553949102610635,
        "energy_intensity_ratio": 0.21136092078102914,
        "building_age_squared": 3.98761960657755e-05,
        "energy_star_rating_squared": 0.05499012999921295,
        "ghg_per_area": 0.20087952878451398
    },
    "feature_importance_std": {
        "ghg_emissions_int_log": 1.0352625540856886e-06,
        "floor_area_log": 9.536587238669322e-07,
        "electric_eui": 1.0004301946105897e-06,
        "fuel_eui": 9.684671518318339e-07,
        "energy_star_rating_normalized": 9.709130092554158e-07,
        "energy_mix": 1.0470203840773287e-06,
        "building_age_log": 9.787732671920427e-07,
        "floor_area_squared": 1.0337077734319437e-06,
        "energy_intensity_ratio": 9.28527442945123e-07,
        "building_age_squared": 1.0020083700111842e-06,
        "energy_star_rating_squared": 1.0843576718572791e-06,
        "ghg_per_area": 1.0220959829559148e-06
    },
    "target_correlations": {
        "ghg_emissions_int_log": 0.9389433883352163,
        "floor_area_log": 0.1835703020939087,
        "electric_eui": 0.6983235607878786,
        "fuel_eui": 0.6256201357383205,
        "energy_star_rating_normalized": -0.5150949545386211,
        "energy_mix": 0.21437659311228624,
        "building_age_log": -0.18122647000694683,
        "floor_area_squared": 0.1835699954781761,
        "energy_intensity_ratio": 0.24251462175185948,
        "building_age_squared": -0.1806112506387019,
        "energy_star_rating_squared": -0.5779048127501762,
        "ghg_per_area": 0.27828524793265663
    },
    "interaction_strength": {
        "ghg_emissions_int_log_floor_area_log": 0.13104287022756278,
        "ghg_emissions_int_log_electric_eui": 0.5609829647745537,
        "ghg_emissions_int_log_fuel_eui": 0.23533934381519117,
        "ghg_emissions_int_log_energy_star_rating_normalized": 0.36021421289230293,
        "ghg_emissions_int_log_building_age_log": 0.2317355471701994,
        "ghg_emissions_int_log_floor_area_squared": 0.13101269829220552,
        "ghg_emissions_int_log_building_age_squared": 0.23302658802138954,
        "ghg_emissions_int_log_energy_star_rating_squared": 0.32388064954624873,
        "ghg_emissions_int_log_ghg_per_area": 0.18014860917509168,
        "floor_area_log_electric_eui": 0.21590835387221574,
        "floor_area_log_fuel_eui": 0.3151142883834135,
        "floor_area_log_energy_star_rating_normalized": 0.33144282735802477,
        "floor_area_log_energy_mix": 0.17956364461096097,
        "floor_area_log_building_age_log": 3.803652182169568,
        "floor_area_log_floor_area_squared": 6.845279590577839,
        "floor_area_log_energy_intensity_ratio": 1.37689733348543,
        "floor_area_log_building_age_squared": 3.7991680606860827,
        "floor_area_log_energy_star_rating_squared": 0.2934349915547667,
        "floor_area_log_ghg_per_area": 1.2419629547657731,
        "electric_eui_energy_star_rating_normalized": 0.34974233850387826,
        "electric_eui_energy_mix": 0.5130815459669469,
        "electric_eui_building_age_log": 0.28956679194145973,
        "electric_eui_floor_area_squared": 0.2290401731660774,
        "electric_eui_building_age_squared": 0.29096420677171064,
        "electric_eui_energy_star_rating_squared": 0.3167546239114669,
        "fuel_eui_energy_star_rating_normalized": 0.16144884502227352,
        "fuel_eui_energy_mix": 0.5435005277733183,
        "fuel_eui_building_age_log": 0.264903714310889,
        "fuel_eui_floor_area_squared": 0.3158967505154848,
        "fuel_eui_energy_intensity_ratio": 0.10160961396705304,
        "fuel_eui_building_age_squared": 0.2660572957173102,
        "fuel_eui_energy_star_rating_squared": 0.11429980394006645,
        "energy_star_rating_normalized_building_age_log": 0.19762622082776815,
        "energy_star_rating_normalized_floor_area_squared": 0.2602295960419161,
        "energy_star_rating_normalized_energy_intensity_ratio": 0.13009620038901115,
        "energy_star_rating_normalized_building_age_squared": 0.18546823784346866,
        "energy_star_rating_normalized_energy_star_rating_squared": 4.196830273393366,
        "energy_star_rating_normalized_ghg_per_area": 0.12306766493009036,
        "energy_mix_building_age_log": 0.1987668879547968,
        "energy_mix_floor_area_squared": 0.20586674225929702,
        "energy_mix_building_age_squared": 0.19831209201512046,
        "building_age_log_floor_area_squared": 3.7983825963910984,
        "building_age_log_energy_intensity_ratio": 0.47575791666684886,
        "building_age_log_building_age_squared": 4.212491640058065,
        "building_age_log_energy_star_rating_squared": 0.15352840012150182,
        "building_age_log_ghg_per_area": 0.4186208343693174,
        "floor_area_squared_energy_intensity_ratio": 1.3759737875489426,
        "floor_area_squared_building_age_squared": 3.8015453218323474,
        "floor_area_squared_energy_star_rating_squared": 0.29255692515121456,
        "floor_area_squared_ghg_per_area": 1.2418519754256847,
        "energy_intensity_ratio_building_age_squared": 0.5341672856616606,
        "energy_intensity_ratio_energy_star_rating_squared": 0.16840203096840956,
        "energy_intensity_ratio_ghg_per_area": 2.3440856790378537,
        "building_age_squared_energy_star_rating_squared": 0.14472061631194588,
        "building_age_squared_ghg_per_area": 0.42070072320714313,
        "energy_star_rating_squared_ghg_per_area": 0.12206920384010278
    },
    "model_metrics": {
        "rmse": 7.172781423915821,
        "r2": 0.9282829271396289,
        "mae": 5.047750565323082,
        "mean_std": 4.375073341085452,
        "crps": 2.8602138947803564,
        "picp_50": 0.40581763801457527,
        "picp_80": 0.6817607790571063,
        "picp_90": 0.7826980737058307,
        "picp_95": 0.8421021304153214,
        "picp_99": 0.9120500657653168
    },
    "prior_hyperparameters": {
        "global_shrinkage": {
            "energy": 1.9251275769507072,
            "building": 0.8283177283015373,
            "interaction": 0.909914016550894
        },
        "local_shrinkage": {
            "energy": 2.544477889398973,
            "building": 1.6948248914162853,
            "interaction": 1.5737186592760948
        },
        "mixing_parameter": {
            "energy": 0.5
        },
        "regularization_strength": {
            "energy": 1.0
        }
    },
    "shap_importance": {
        "ghg_emissions_int_log": 0.1228992326822341,
        "floor_area_log": 0.01902373023974916,
        "electric_eui": 6.035116039848542,
        "fuel_eui": 4.802604288012823,
        "energy_star_rating_normalized": 0.008921521371908823,
        "energy_mix": 0.0004432530127912005,
        "building_age_log": 0.0241085312375878,
        "floor_area_squared": 0.012960893432378525,
        "energy_intensity_ratio": 0.0002639679887867487,
        "building_age_squared": 3.7733534382069776e-06,
        "energy_star_rating_squared": 0.03205323268332951,
        "ghg_per_area": 0.0
    }
}