{
    "fold": 1.5,
    "rmse": 7.172781423915821,
    "mae": 5.047750565323082,
    "r2": 0.9282829271396289,
    "mean_std": 4.375073341085452,
    "crps": 2.8602138947803564,
    "picp_50": 0.40581763801457527,
    "picp_80": 0.6817607790571063,
    "picp_90": 0.7826980737058307,
    "picp_95": 0.8421021304153214,
    "picp_99": 0.9120500657653168
}