{
    "r2": 0.9390862994170428,
    "rmse": 6.610696219810405,
    "mae": 4.054778254961635,
    "crps": 3.2378982313660445,
    "picp_50": 0.7218721872187218,
    "picp_80": 0.8876173331618876,
    "picp_90": 0.9313359907419313,
    "picp_95": 0.9512665552269512,
    "picp_99": 0.9715828725729716
}