prior,ece,feat_floor_area,feat_ghg_emissions_int,feat_fuel_eui,feat_electric_eui
hierarchical_normal,0.44656145446873324,0.008172805421054363,0.03433423116803169,0.013603487983345985,0.012072074227035046
hierarchical_laplace,0.3873375631385036,0.005233780015259981,0.02232295460999012,0.008827854879200459,0.007224737666547298
hierarchical_student_t,0.16820728287294312,0.00018305459525436163,0.0013098607305437326,0.0009192171855829656,0.0008046674192883074
hierarchical_mixture,0.44918712720081405,0.006684500258415937,0.017687907442450523,0.011494775302708149,0.010151109658181667
