{
    "AEH": {
        "r2": 0.9419945819630186,
        "rmse": 6.45095465200295,
        "mae": 4.211577334395209,
        "picp_90": 0.9859843127169859
    },
    "Horseshoe": {
        "r2": 0.9419945819630186,
        "rmse": 6.45095465200295,
        "mae": 4.211577334395209,
        "picp_90": 0.9857271441429857
    },
    "ElasticNet": {
        "r2": 0.9419945819630186,
        "rmse": 6.45095465200295,
        "mae": 4.211577334395209,
        "picp_90": 0.9873987398739874
    }
}