floor_area,ghg_emissions_int,fuel_eui,electric_eui
1.830545952543616295e-04
1.309860730543732643e-03
9.192171855829656124e-04
8.046674192883074284e-04
