{
    "r_hat": {
        "weight_0": 18.80944150566226,
        "weight_1": 22.64070843348019,
        "weight_2": 30.515747439086756,
        "weight_3": 17.026277869407835,
        "weight_4": 16.008913011963617,
        "weight_5": 4.466927404975396,
        "weight_6": 30.969847400492615,
        "weight_7": 19.31278798148637,
        "weight_8": 32.106264437408406,
        "weight_9": 31.509024107290386,
        "weight_10": 24.97455582364758,
        "weight_11": 13.05308055819936
    },
    "ess": {
        "weight_0": 1.314535485450615,
        "weight_1": 1.901253652609326,
        "weight_2": 1.311908890490481,
        "weight_3": 1.3195816452065823,
        "weight_4": 1.3331948703120209,
        "weight_5": 1.8191072693567039,
        "weight_6": 1.4269726642529457,
        "weight_7": 2.0590422083296174,
        "weight_8": 1.3151426986241825,
        "weight_9": 2.8248661879796,
        "weight_10": 1.3381396228218594,
        "weight_11": 1.3203152425136966
    }
}