{
    "r_hat": {
        "weight_0": 40.94090998524584,
        "weight_1": 6.900760081653122,
        "weight_2": 11.675324045990108,
        "weight_3": 7.282669280991293,
        "weight_4": 26.742653786321647,
        "weight_5": 13.867946001304688,
        "weight_6": 7.57739136541499,
        "weight_7": 14.171411105381488,
        "weight_8": 14.131151152322019,
        "weight_9": 11.580375250337129,
        "weight_10": 22.265402956395512,
        "weight_11": 16.27657170025985
    },
    "ess": {
        "weight_0": 1.3151884343262226,
        "weight_1": 1.563405476442666,
        "weight_2": 1.31770913036278,
        "weight_3": 1.3173080010232767,
        "weight_4": 1.3337716105755304,
        "weight_5": 1.4301097584376685,
        "weight_6": 1.4588177949670618,
        "weight_7": 2.4787766592761415,
        "weight_8": 1.3167627015580754,
        "weight_9": 1.6290069523761734,
        "weight_10": 1.3206416439277608,
        "weight_11": 1.3186062194004684
    }
}