{
    "r_hat": {
        "weight_0": 73.98667996248113,
        "weight_1": 13.961786317790976,
        "weight_2": 21.284675617593628,
        "weight_3": 37.95111887512706,
        "weight_4": 24.725956423556013,
        "weight_5": 16.33867978523866,
        "weight_6": 12.990015807952291,
        "weight_7": 16.419899232854533,
        "weight_8": 35.61559732795906,
        "weight_9": 20.50555636851112,
        "weight_10": 11.94149764710884,
        "weight_11": 26.42905358376329
    },
    "ess": {
        "weight_0": 1.3134147640598317,
        "weight_1": 1.4373564587308332,
        "weight_2": 1.31801025165367,
        "weight_3": 1.3209457094320156,
        "weight_4": 1.368050472933235,
        "weight_5": 2.366400569978433,
        "weight_6": 1.4507990929143444,
        "weight_7": 2.2809205355553104,
        "weight_8": 1.3117633762216454,
        "weight_9": 1.4309224543949677,
        "weight_10": 1.3185946560488258,
        "weight_11": 1.3193025678915495
    }
}