{
    "r_hat": {
        "weight_0": 29.43187244681469,
        "weight_1": 11.84890217007987,
        "weight_2": 8.150854292343485,
        "weight_3": 8.272345454857682,
        "weight_4": 5.890664002151376,
        "weight_5": 6.953050802560934,
        "weight_6": 24.85174187026555,
        "weight_7": 23.986196046892736,
        "weight_8": 13.232704537398575,
        "weight_9": 8.443812616193082,
        "weight_10": 33.181255886547135,
        "weight_11": 12.089193761904358
    },
    "ess": {
        "weight_0": 1.316728426938507,
        "weight_1": 1.8644138408607602,
        "weight_2": 1.3168466313673846,
        "weight_3": 1.3177629810663452,
        "weight_4": 1.352897132922749,
        "weight_5": 2.488906466038886,
        "weight_6": 2.024051581837643,
        "weight_7": 1.3781045342210263,
        "weight_8": 1.3171056442934657,
        "weight_9": 1.9130763501407209,
        "weight_10": 1.3280277988601545,
        "weight_11": 1.3187071190167257
    }
}