{
    "r_hat": {
        "weight_0": 46.04659158017249,
        "weight_1": 46.69552172528624,
        "weight_2": 28.51524122197486,
        "weight_3": 18.897855498822175,
        "weight_4": 34.46631092023371,
        "weight_5": 9.143218105384774,
        "weight_6": 18.960667717217003,
        "weight_7": 33.684492296147496,
        "weight_8": 10.721443958722226,
        "weight_9": 7.9172927883229205,
        "weight_10": 35.48302344840026,
        "weight_11": 8.587169425402546
    },
    "ess": {
        "weight_0": 1.3155976128829319,
        "weight_1": 1.374635556845377,
        "weight_2": 1.3175375443533952,
        "weight_3": 1.311863958906343,
        "weight_4": 1.3381081399995174,
        "weight_5": 1.4029922467702935,
        "weight_6": 1.8760936982330878,
        "weight_7": 1.8530348986403578,
        "weight_8": 1.318619718691986,
        "weight_9": 1.5245760612544434,
        "weight_10": 1.3359182719841227,
        "weight_11": 1.317595244797381
    }
}