{
    "r_hat": {
        "weight_0": 26.154229090585428,
        "weight_1": 12.538443870566539,
        "weight_2": 24.377169124647956,
        "weight_3": 25.51773665414505,
        "weight_4": 34.888164810445964,
        "weight_5": 26.583362107824865,
        "weight_6": 15.414978302774946,
        "weight_7": 20.47578235168405,
        "weight_8": 26.145673711670756,
        "weight_9": 13.738362031676802,
        "weight_10": 7.443868821060774,
        "weight_11": 13.478489391325603
    },
    "ess": {
        "weight_0": 1.3166213009815597,
        "weight_1": 1.4896964543120699,
        "weight_2": 1.31640148698127,
        "weight_3": 1.31446413109588,
        "weight_4": 1.3545215120190728,
        "weight_5": 1.562172668005285,
        "weight_6": 2.396979920137093,
        "weight_7": 1.9376454788225532,
        "weight_8": 1.3168335778966207,
        "weight_9": 1.91463793468148,
        "weight_10": 1.331916313090756,
        "weight_11": 1.3170517732885787
    }
}