{
    "r_hat": {
        "weight_0": 19.222281201832413,
        "weight_1": 21.889214702573323,
        "weight_2": 24.446032057530296,
        "weight_3": 10.545877957876547,
        "weight_4": 14.48430788681882,
        "weight_5": 12.44159311679387,
        "weight_6": 36.3947226240257,
        "weight_7": 23.148982067194954,
        "weight_8": 17.334588724627093,
        "weight_9": 27.04474199993977,
        "weight_10": 5.619998237475947,
        "weight_11": 22.211477762824227
    },
    "ess": {
        "weight_0": 1.3153306997571612,
        "weight_1": 1.3350222505700624,
        "weight_2": 1.317582376151024,
        "weight_3": 1.3220017518767104,
        "weight_4": 3.188824174101466,
        "weight_5": 2.9628909114709474,
        "weight_6": 1.352709035380229,
        "weight_7": 2.0514863195005857,
        "weight_8": 1.3160282777848629,
        "weight_9": 2.06500362337744,
        "weight_10": 1.3241834279090874,
        "weight_11": 1.3173739733526553
    }
}