{
    "r_hat": {
        "weight_0": 16.946372264537825,
        "weight_1": 9.179523456354284,
        "weight_2": 19.111659250335535,
        "weight_3": 15.196408558244201,
        "weight_4": 23.52172171351446,
        "weight_5": 15.788957445490789,
        "weight_6": 12.97896713772947,
        "weight_7": 8.899927301872111,
        "weight_8": 14.881051008091703,
        "weight_9": 24.158544088092967,
        "weight_10": 31.193207697588164,
        "weight_11": 21.224434545383126
    },
    "ess": {
        "weight_0": 1.314838213264941,
        "weight_1": 1.361701633885134,
        "weight_2": 1.3166651290660254,
        "weight_3": 1.3127679829379615,
        "weight_4": 1.4024489341659827,
        "weight_5": 1.7218161745586045,
        "weight_6": 1.3596248663025625,
        "weight_7": 3.0435205269677215,
        "weight_8": 1.3204806720741737,
        "weight_9": 2.1726998962863857,
        "weight_10": 1.3323459423079718,
        "weight_11": 1.3154369495909948
    }
}