{
    "r_hat": {
        "weight_0": 16.159699624412948,
        "weight_1": 16.24009973081897,
        "weight_2": 7.429937614396132,
        "weight_3": 9.501565669517964,
        "weight_4": 10.908824902303675,
        "weight_5": 31.610311482339714,
        "weight_6": 6.581818011388076,
        "weight_7": 27.76638230761649,
        "weight_8": 14.544987568965842,
        "weight_9": 77.56803109536213,
        "weight_10": 8.03994471446401,
        "weight_11": 15.27205242736685
    },
    "ess": {
        "weight_0": 1.3187341440028224,
        "weight_1": 1.4317772453062767,
        "weight_2": 1.3178577313526052,
        "weight_3": 1.317251191399984,
        "weight_4": 1.3289243465598926,
        "weight_5": 2.360194925123625,
        "weight_6": 1.8396662508319972,
        "weight_7": 2.1504446128787884,
        "weight_8": 1.3142415028408205,
        "weight_9": 1.7530076317371652,
        "weight_10": 1.3153286184514783,
        "weight_11": 1.3127951899222827
    }
}