{
    "r_hat": {
        "weight_0": 17.02018676974935,
        "weight_1": 14.228829855058244,
        "weight_2": 25.63630190378832,
        "weight_3": 33.5884236030592,
        "weight_4": 21.324236325150054,
        "weight_5": 5.343079974822258,
        "weight_6": 21.281785319962854,
        "weight_7": 27.647856369790965,
        "weight_8": 11.006806100166424,
        "weight_9": 12.033700546484743,
        "weight_10": 17.02317667841114,
        "weight_11": 29.61708156975334
    },
    "ess": {
        "weight_0": 1.3153659063703496,
        "weight_1": 2.5566583571601766,
        "weight_2": 1.3152461256350338,
        "weight_3": 1.31513939474938,
        "weight_4": 1.4198905011176166,
        "weight_5": 1.5375563943438135,
        "weight_6": 2.0397453121077507,
        "weight_7": 1.477708048440005,
        "weight_8": 1.3183034765215298,
        "weight_9": 1.3811050281390715,
        "weight_10": 1.3209544691090707,
        "weight_11": 1.3148676560296555
    }
}