{
    "r_hat": {
        "weight_0": 18.34232593319381,
        "weight_1": 36.293186885969895,
        "weight_2": 14.515054119659625,
        "weight_3": 14.430751806516891,
        "weight_4": 13.635909748903467,
        "weight_5": 15.991419957904005,
        "weight_6": 14.494918440237486,
        "weight_7": 14.069601151726781,
        "weight_8": 7.334851031354653,
        "weight_9": 31.63948056517478,
        "weight_10": 27.50678476710569,
        "weight_11": 45.77539293434348
    },
    "ess": {
        "weight_0": 1.3170914378175362,
        "weight_1": 1.4684804171938306,
        "weight_2": 1.3192755260418068,
        "weight_3": 1.3161079514385197,
        "weight_4": 1.3691481905195295,
        "weight_5": 2.557484773166092,
        "weight_6": 2.237056758645985,
        "weight_7": 2.408433590231185,
        "weight_8": 1.319271278063106,
        "weight_9": 1.4015327883302375,
        "weight_10": 1.3480914394965577,
        "weight_11": 1.3150268200098725
    }
}