{
    "r_hat": {
        "weight_0": 19.041835965467467,
        "weight_1": 12.242113841542247,
        "weight_2": 20.727143851847263,
        "weight_3": 24.2184445524214,
        "weight_4": 16.611417519990923,
        "weight_5": 13.562911392529182,
        "weight_6": 16.531258888005222,
        "weight_7": 25.57846883686529,
        "weight_8": 25.6337245267895,
        "weight_9": 25.361289314175075,
        "weight_10": 9.950335016657348,
        "weight_11": 15.833695219569298
    },
    "ess": {
        "weight_0": 1.31478451988592,
        "weight_1": 1.3881302154450352,
        "weight_2": 1.31902567104827,
        "weight_3": 1.3196371578313166,
        "weight_4": 1.3306835662770542,
        "weight_5": 1.731922792339013,
        "weight_6": 1.4797069312982574,
        "weight_7": 1.7851375340344138,
        "weight_8": 1.3160272287178851,
        "weight_9": 1.863280871019883,
        "weight_10": 1.3163671482369887,
        "weight_11": 1.3171631753326292
    }
}