{
    "r_hat": {
        "weight_0": 28.731210343049888,
        "weight_1": 17.299185283724633,
        "weight_2": 13.206159376534378,
        "weight_3": 34.459875600414485,
        "weight_4": 29.36462060423562,
        "weight_5": 17.823186236152956,
        "weight_6": 40.638018487812566,
        "weight_7": 21.106363511251136,
        "weight_8": 21.974856006874138,
        "weight_9": 20.396490844373528,
        "weight_10": 19.97856774916694,
        "weight_11": 12.142357828422583
    },
    "ess": {
        "weight_0": 1.3180009754835753,
        "weight_1": 1.71124390722506,
        "weight_2": 1.3166622665049157,
        "weight_3": 1.3151658447054606,
        "weight_4": 1.3220901922856167,
        "weight_5": 1.5335662370708572,
        "weight_6": 2.4483550491096477,
        "weight_7": 1.702551934760181,
        "weight_8": 1.3129710195884292,
        "weight_9": 2.911953884419628,
        "weight_10": 1.320720950286584,
        "weight_11": 1.3148147968125008
    }
}