{
    "r_hat": {
        "weight_0": 13.19727489647018,
        "weight_1": 23.03418917060042,
        "weight_2": 21.848101061614766,
        "weight_3": 29.69286240483739,
        "weight_4": 38.73915937071244,
        "weight_5": 19.305672306375964,
        "weight_6": 13.393570944538293,
        "weight_7": 12.021712953874633,
        "weight_8": 14.882021521622852,
        "weight_9": 30.245690519765393,
        "weight_10": 14.219252898081098,
        "weight_11": 14.767911695667424
    },
    "ess": {
        "weight_0": 1.3152304400105561,
        "weight_1": 1.396369364697577,
        "weight_2": 1.3150535497852065,
        "weight_3": 1.3165664983604715,
        "weight_4": 1.3156354727526463,
        "weight_5": 1.3756680141633444,
        "weight_6": 1.3237276189511076,
        "weight_7": 2.043739457930591,
        "weight_8": 1.3137331694578316,
        "weight_9": 1.3874652759993573,
        "weight_10": 1.3244476586749647,
        "weight_11": 1.3159337487046758
    }
}