{
    "r_hat": {
        "weight_0": 6.164252093522067,
        "weight_1": 16.32036856221566,
        "weight_2": 27.027737554985315,
        "weight_3": 27.245285255546563,
        "weight_4": 48.82498043146356,
        "weight_5": 18.54727285191968,
        "weight_6": 8.442220935403807,
        "weight_7": 44.75369461700593,
        "weight_8": 17.213495549333093,
        "weight_9": 26.12392827979258,
        "weight_10": 8.564828117309316,
        "weight_11": 19.459846485538115
    },
    "ess": {
        "weight_0": 1.3168134537964198,
        "weight_1": 1.313059542507511,
        "weight_2": 1.318408375172687,
        "weight_3": 1.315898980591946,
        "weight_4": 1.3237947256319513,
        "weight_5": 1.4090022850034205,
        "weight_6": 1.4514785332558449,
        "weight_7": 2.698088458851964,
        "weight_8": 1.3158549890652573,
        "weight_9": 2.153224603916775,
        "weight_10": 1.322109714896711,
        "weight_11": 1.312693985521362
    }
}