{
    "r_hat": {
        "weight_0": 15.985569553345151,
        "weight_1": 16.247629995418567,
        "weight_2": 12.940012738172584,
        "weight_3": 19.011488743810503,
        "weight_4": 29.87915019422331,
        "weight_5": 19.681475812595203,
        "weight_6": 46.96946208774686,
        "weight_7": 31.064389413698354,
        "weight_8": 32.68671663759119,
        "weight_9": 22.69799803784019,
        "weight_10": 13.237800686860638,
        "weight_11": 21.560362846371284
    },
    "ess": {
        "weight_0": 1.3191543146036686,
        "weight_1": 1.4697616369004918,
        "weight_2": 1.3179265390163168,
        "weight_3": 1.3177295963175593,
        "weight_4": 1.3539323354911323,
        "weight_5": 1.4261211691594655,
        "weight_6": 1.8556275119520418,
        "weight_7": 1.3178249141274303,
        "weight_8": 1.3181748944108653,
        "weight_9": 1.342602369222142,
        "weight_10": 1.330711465799717,
        "weight_11": 1.3190202429735667
    }
}