{
    "r_hat": {
        "weight_0": 22.644340099037613,
        "weight_1": 42.53557266507187,
        "weight_2": 7.655447180203023,
        "weight_3": 30.417193805269704,
        "weight_4": 47.909728815518754,
        "weight_5": 14.724136691963846,
        "weight_6": 26.399116059199194,
        "weight_7": 20.817775891369987,
        "weight_8": 22.18535961391459,
        "weight_9": 23.687208089442848,
        "weight_10": 15.372107505082708,
        "weight_11": 19.13467014352909
    },
    "ess": {
        "weight_0": 1.313734065098282,
        "weight_1": 1.4582023519596672,
        "weight_2": 1.3164837267403515,
        "weight_3": 1.3158390319031548,
        "weight_4": 1.4647206733909068,
        "weight_5": 1.4646835335862134,
        "weight_6": 2.00824929445658,
        "weight_7": 2.2029017809392646,
        "weight_8": 1.3167386578930258,
        "weight_9": 1.4101536204732479,
        "weight_10": 1.3072837928370298,
        "weight_11": 1.3200220423458808
    }
}