{
    "r_hat": {
        "weight_0": 13.487270237099754,
        "weight_1": 20.373907000304776,
        "weight_2": 41.49161731168564,
        "weight_3": 11.41368501584378,
        "weight_4": 9.55450596066598,
        "weight_5": 11.912605105722093,
        "weight_6": 11.944118711408507,
        "weight_7": 21.796666503644598,
        "weight_8": 18.84301772628195,
        "weight_9": 4.95099944505447,
        "weight_10": 12.714233828585026,
        "weight_11": 9.196688089699865
    },
    "ess": {
        "weight_0": 1.3173382427631366,
        "weight_1": 1.3829042574936907,
        "weight_2": 1.3219799967271744,
        "weight_3": 1.3184418168637515,
        "weight_4": 1.3305008915462118,
        "weight_5": 1.489797790724158,
        "weight_6": 1.3887301603248594,
        "weight_7": 1.788929131678141,
        "weight_8": 1.315076006233069,
        "weight_9": 1.4607386551209518,
        "weight_10": 1.3232183908165713,
        "weight_11": 1.3182554005830083
    }
}