{
    "r_hat": {
        "weight_0": 19.13052350741977,
        "weight_1": 34.37572232948658,
        "weight_2": 20.808715578710103,
        "weight_3": 20.199816834721545,
        "weight_4": 34.57213631680765,
        "weight_5": 6.56923877350998,
        "weight_6": 9.100473146598954,
        "weight_7": 11.101526010218157,
        "weight_8": 15.257671737964445,
        "weight_9": 11.232500954594343,
        "weight_10": 27.206264068883208,
        "weight_11": 22.496715473857904
    },
    "ess": {
        "weight_0": 1.3141727318804337,
        "weight_1": 2.4184593427336276,
        "weight_2": 1.3175412180812054,
        "weight_3": 1.3195125672960177,
        "weight_4": 1.7683938429976034,
        "weight_5": 1.5948014158079467,
        "weight_6": 1.5978808098537074,
        "weight_7": 1.8547918250482582,
        "weight_8": 1.3160587007301976,
        "weight_9": 2.0056534294424404,
        "weight_10": 1.3222439883034962,
        "weight_11": 1.3128210800554425
    }
}