{
    "r_hat": {
        "weight_0": 10.486598935167882,
        "weight_1": 50.78306459277816,
        "weight_2": 36.25605780238656,
        "weight_3": 10.276482408752777,
        "weight_4": 42.99270411643127,
        "weight_5": 14.692958300147689,
        "weight_6": 29.32238108517876,
        "weight_7": 11.249245212451381,
        "weight_8": 18.98141148813361,
        "weight_9": 18.492145401074836,
        "weight_10": 26.170136056948675,
        "weight_11": 8.597748846668681
    },
    "ess": {
        "weight_0": 1.3175297782736053,
        "weight_1": 1.3439119105667765,
        "weight_2": 1.3156338699590924,
        "weight_3": 1.3131063783027324,
        "weight_4": 1.347014757660855,
        "weight_5": 1.436846515885586,
        "weight_6": 1.3141620779354266,
        "weight_7": 2.1011587723568708,
        "weight_8": 1.3155051351526708,
        "weight_9": 1.3225946413233125,
        "weight_10": 1.3330981138859763,
        "weight_11": 1.3181414221940528
    }
}