{
    "r_hat": {
        "weight_0": 11.332797424218763,
        "weight_1": 12.03353771451482,
        "weight_2": 43.517461320519566,
        "weight_3": 41.442780482383846,
        "weight_4": 10.57610797535093,
        "weight_5": 8.364621083746048,
        "weight_6": 11.942757946848792,
        "weight_7": 25.98321996195393,
        "weight_8": 30.945062954313343,
        "weight_9": 5.485601307956251,
        "weight_10": 25.875246172636146,
        "weight_11": 13.268523106108761
    },
    "ess": {
        "weight_0": 1.313728014089425,
        "weight_1": 1.4641844365185412,
        "weight_2": 1.3157650253923576,
        "weight_3": 1.317905168640935,
        "weight_4": 1.8868885345017181,
        "weight_5": 1.7027915934068958,
        "weight_6": 1.6592308277908732,
        "weight_7": 1.354374335422845,
        "weight_8": 1.3155944605899201,
        "weight_9": 1.6951022039927057,
        "weight_10": 1.3135413943021004,
        "weight_11": 1.315641730746057
    }
}