{
    "r_hat": {
        "weight_0": 45.03087977867266,
        "weight_1": 25.256750070020395,
        "weight_2": 14.980861780597936,
        "weight_3": 35.14924848711074,
        "weight_4": 34.643587378229334,
        "weight_5": 27.24651939933438,
        "weight_6": 13.005083658839755,
        "weight_7": 18.025840279113414,
        "weight_8": 10.806854822026159,
        "weight_9": 10.210095843018335,
        "weight_10": 22.109868560418693,
        "weight_11": 8.066034210234779
    },
    "ess": {
        "weight_0": 1.317725654832567,
        "weight_1": 1.4508886721152294,
        "weight_2": 1.3165639362835788,
        "weight_3": 1.3175470802437959,
        "weight_4": 1.3296021091933092,
        "weight_5": 1.3583943801583525,
        "weight_6": 1.7720693735918813,
        "weight_7": 1.8231834396457485,
        "weight_8": 1.314800437684717,
        "weight_9": 1.9510140975271644,
        "weight_10": 1.3171042295287665,
        "weight_11": 1.3164001048974958
    }
}