{
    "r_hat": {
        "weight_0": 26.635868979707162,
        "weight_1": 17.551557241413928,
        "weight_2": 41.028826709458066,
        "weight_3": 14.992692207238083,
        "weight_4": 12.445313851925519,
        "weight_5": 16.357776522944555,
        "weight_6": 16.371180158962026,
        "weight_7": 10.517758181066963,
        "weight_8": 61.192731510210336,
        "weight_9": 40.92412029021697,
        "weight_10": 17.07883086041375,
        "weight_11": 26.556097611065216
    },
    "ess": {
        "weight_0": 1.3146542509015409,
        "weight_1": 2.884355626494848,
        "weight_2": 1.3180135140902844,
        "weight_3": 1.3141610460860473,
        "weight_4": 1.3756820133691074,
        "weight_5": 1.4268511937982677,
        "weight_6": 1.4519679298445023,
        "weight_7": 1.4145821493420518,
        "weight_8": 1.317404659297725,
        "weight_9": 1.415776277360252,
        "weight_10": 1.639320999295331,
        "weight_11": 1.3168129443477041
    }
}