{
    "r_hat": {
        "weight_0": 35.28823000026677,
        "weight_1": 14.934439084532123,
        "weight_2": 24.390641018867566,
        "weight_3": 21.878702949129742,
        "weight_4": 16.813488517028908,
        "weight_5": 31.063564671276602,
        "weight_6": 8.307908600600454,
        "weight_7": 36.902295585887856,
        "weight_8": 14.213098682307931,
        "weight_9": 8.729212292270086,
        "weight_10": 29.193857026661224,
        "weight_11": 9.036108357486555
    },
    "ess": {
        "weight_0": 1.3167423249262202,
        "weight_1": 1.4061609019428405,
        "weight_2": 1.312215488493613,
        "weight_3": 1.3205727871384538,
        "weight_4": 1.3163190072967927,
        "weight_5": 1.569121764934624,
        "weight_6": 2.98029829906915,
        "weight_7": 1.6417034567028412,
        "weight_8": 1.3122435359616307,
        "weight_9": 1.8508498157391124,
        "weight_10": 1.3272363446854252,
        "weight_11": 1.3155011110124712
    }
}