{
    "r_hat": {
        "weight_0": 27.38824908059086,
        "weight_1": 23.611759784906074,
        "weight_2": 18.411561597938977,
        "weight_3": 24.98194848848371,
        "weight_4": 27.084653727952958,
        "weight_5": 18.080179017802383,
        "weight_6": 21.30608092984764,
        "weight_7": 18.12036228133229,
        "weight_8": 6.907349309327958,
        "weight_9": 32.096511401463445,
        "weight_10": 25.490845971031696,
        "weight_11": 34.21018134705631
    },
    "ess": {
        "weight_0": 1.3164298896275486,
        "weight_1": 2.0997636306793668,
        "weight_2": 1.3160428776424127,
        "weight_3": 1.3158898789054874,
        "weight_4": 1.3267398322166004,
        "weight_5": 1.4100072892483408,
        "weight_6": 2.0126506173776777,
        "weight_7": 1.2995504969091598,
        "weight_8": 1.316025469804936,
        "weight_9": 1.638349093637396,
        "weight_10": 1.7677433736446946,
        "weight_11": 1.317749246494728
    }
}