{
    "r_hat": {
        "weight_0": 14.481978054907184,
        "weight_1": 7.265441454421526,
        "weight_2": 28.037418237191652,
        "weight_3": 5.6615469792748625,
        "weight_4": 14.47979702297256,
        "weight_5": 9.813962976021871,
        "weight_6": 18.013359332274078,
        "weight_7": 16.791332546260616,
        "weight_8": 16.979658950215057,
        "weight_9": 14.766125444764507,
        "weight_10": 17.265950632709867,
        "weight_11": 26.80997703267402
    },
    "ess": {
        "weight_0": 1.317560586436315,
        "weight_1": 1.6903646420968128,
        "weight_2": 1.3204365489483025,
        "weight_3": 1.324122740317901,
        "weight_4": 1.4493721169680924,
        "weight_5": 2.7703576751033445,
        "weight_6": 1.3381872772257888,
        "weight_7": 1.4125882133500922,
        "weight_8": 1.3182516335472152,
        "weight_9": 1.372063295719846,
        "weight_10": 1.3180998942535835,
        "weight_11": 1.3150656598367618
    }
}