{
    "r_hat": {
        "weight_0": 21.510822957086894,
        "weight_1": 45.71080569413596,
        "weight_2": 53.79439968133441,
        "weight_3": 23.166334578846485,
        "weight_4": 6.273232815517002,
        "weight_5": 10.821912493337958,
        "weight_6": 28.41958888087646,
        "weight_7": 10.241707594095281,
        "weight_8": 9.092582232752054,
        "weight_9": 26.7655905582828,
        "weight_10": 31.913145591627018,
        "weight_11": 14.100271781969491
    },
    "ess": {
        "weight_0": 1.320413007476107,
        "weight_1": 1.3615375448311895,
        "weight_2": 1.3186433482386382,
        "weight_3": 1.3146263524093782,
        "weight_4": 1.5121588573983455,
        "weight_5": 3.01321120203545,
        "weight_6": 1.4790072859121959,
        "weight_7": 1.4638035716997362,
        "weight_8": 1.3154939155994865,
        "weight_9": 1.5644349253536598,
        "weight_10": 1.3337312248785071,
        "weight_11": 1.3141339510276413
    }
}