{
    "r_hat": {
        "weight_0": 11.027778628365573,
        "weight_1": 8.499166954411937,
        "weight_2": 49.81356994905093,
        "weight_3": 11.76709915716886,
        "weight_4": 11.889689997456793,
        "weight_5": 18.681919770590103,
        "weight_6": 12.307564678660738,
        "weight_7": 30.321333038022427,
        "weight_8": 13.56942047066062,
        "weight_9": 40.48014071350423,
        "weight_10": 30.957492801660155,
        "weight_11": 40.496599550515285
    },
    "ess": {
        "weight_0": 1.3157930896925487,
        "weight_1": 1.5477618352143216,
        "weight_2": 1.3173639597312536,
        "weight_3": 1.3132591818260604,
        "weight_4": 1.3344278720804776,
        "weight_5": 1.3777682169305008,
        "weight_6": 1.6537609588436144,
        "weight_7": 1.9146468209988854,
        "weight_8": 1.3180933757593607,
        "weight_9": 1.380949875597242,
        "weight_10": 2.0797781220458598,
        "weight_11": 1.315139435145497
    }
}