{
    "r_hat": {
        "weight_0": 43.51629348270814,
        "weight_1": 12.147322348142264,
        "weight_2": 24.33044931514838,
        "weight_3": 9.772248691836568,
        "weight_4": 28.37362824881151,
        "weight_5": 29.827607328449027,
        "weight_6": 10.757526043388905,
        "weight_7": 25.183154197315464,
        "weight_8": 20.039304414140855,
        "weight_9": 33.01258948263305,
        "weight_10": 38.27587440025283,
        "weight_11": 11.843035092352853
    },
    "ess": {
        "weight_0": 1.3176545727926556,
        "weight_1": 1.4209074196266858,
        "weight_2": 1.3159189778459845,
        "weight_3": 1.3164463431957087,
        "weight_4": 1.3647605017525244,
        "weight_5": 1.3503541439041296,
        "weight_6": 2.9285900678934644,
        "weight_7": 2.957238727715229,
        "weight_8": 1.3133888763050277,
        "weight_9": 1.3900170609652631,
        "weight_10": 1.3345375188738864,
        "weight_11": 1.3146171215735207
    }
}