{
    "r_hat": {
        "weight_0": 24.772594646811086,
        "weight_1": 57.932653336429674,
        "weight_2": 26.692373380325353,
        "weight_3": 32.019531779569746,
        "weight_4": 15.329520611764737,
        "weight_5": 14.437803487443627,
        "weight_6": 12.823079230268092,
        "weight_7": 40.58043374746753,
        "weight_8": 6.526430316231679,
        "weight_9": 30.20025586445152,
        "weight_10": 36.40793998251948,
        "weight_11": 21.746360860440845
    },
    "ess": {
        "weight_0": 1.3170518600931898,
        "weight_1": 1.4207741843342916,
        "weight_2": 1.3146135995048571,
        "weight_3": 1.3149616025338549,
        "weight_4": 1.3397936512766153,
        "weight_5": 2.035235059939517,
        "weight_6": 2.7965025086604878,
        "weight_7": 1.3398199577689613,
        "weight_8": 1.3171766726415521,
        "weight_9": 1.382021953748481,
        "weight_10": 1.3363016568405413,
        "weight_11": 1.3164430218369967
    }
}