{
    "r_hat": {
        "weight_0": 13.031589604525431,
        "weight_1": 10.000895826180546,
        "weight_2": 70.60605385628062,
        "weight_3": 24.577611011409378,
        "weight_4": 28.272943722532087,
        "weight_5": 19.77017704604687,
        "weight_6": 22.208734383261827,
        "weight_7": 18.243360833647003,
        "weight_8": 13.90934802232129,
        "weight_9": 20.536452292467683,
        "weight_10": 128.04932395639807,
        "weight_11": 16.13825850399299
    },
    "ess": {
        "weight_0": 1.3207399133747568,
        "weight_1": 1.8140916440058932,
        "weight_2": 1.3166934545540456,
        "weight_3": 1.3158799532093275,
        "weight_4": 1.555862386693733,
        "weight_5": 1.3360266278689037,
        "weight_6": 1.3789858188778084,
        "weight_7": 1.4160999842658897,
        "weight_8": 1.3159507205759726,
        "weight_9": 2.1838730122586285,
        "weight_10": 1.3164389177684233,
        "weight_11": 1.3163611218755051
    }
}