{
    "r_hat": {
        "weight_0": 32.45538347122844,
        "weight_1": 9.353247646724062,
        "weight_2": 13.530917763163053,
        "weight_3": 10.71087972017178,
        "weight_4": 19.87948753760032,
        "weight_5": 16.466836191996247,
        "weight_6": 31.6268871134788,
        "weight_7": 12.708374527079982,
        "weight_8": 5.406791139001187,
        "weight_9": 13.898805830717517,
        "weight_10": 6.230854249109751,
        "weight_11": 10.54571533359021
    },
    "ess": {
        "weight_0": 1.3165305458083276,
        "weight_1": 1.5455524033089914,
        "weight_2": 1.3188152979357552,
        "weight_3": 1.3158639145494073,
        "weight_4": 1.3284912023404585,
        "weight_5": 1.5854671325565328,
        "weight_6": 1.8240047523871916,
        "weight_7": 4.659276913206729,
        "weight_8": 1.3143879649746713,
        "weight_9": 1.4243826995773003,
        "weight_10": 1.3168305686985782,
        "weight_11": 1.3190769160931697
    }
}