{
    "r_hat": {
        "weight_0": 37.809282230865584,
        "weight_1": 31.771297993085724,
        "weight_2": 8.154396536647258,
        "weight_3": 25.6954334691423,
        "weight_4": 12.834646060379445,
        "weight_5": 17.09819219563545,
        "weight_6": 14.45754826198808,
        "weight_7": 12.039055761789426,
        "weight_8": 21.100881373840416,
        "weight_9": 18.370915470080693,
        "weight_10": 32.46511175863305,
        "weight_11": 21.554918981961062
    },
    "ess": {
        "weight_0": 1.3194885716048828,
        "weight_1": 1.5256413145431953,
        "weight_2": 1.3133354678345637,
        "weight_3": 1.3176285274403687,
        "weight_4": 1.3941681894077014,
        "weight_5": 1.98657685210949,
        "weight_6": 1.4178903759255896,
        "weight_7": 2.0891760881411217,
        "weight_8": 1.318174414834216,
        "weight_9": 2.323484272291417,
        "weight_10": 1.313710141351486,
        "weight_11": 1.315189290016301
    }
}