{
    "r_hat": {
        "weight_0": 32.30609927993675,
        "weight_1": 10.61992810705213,
        "weight_2": 21.905836641400747,
        "weight_3": 18.922332953406627,
        "weight_4": 7.69091033945415,
        "weight_5": 10.520046874682286,
        "weight_6": 27.13079905719756,
        "weight_7": 8.936927663044564,
        "weight_8": 14.782115929202066,
        "weight_9": 11.209241395907926,
        "weight_10": 18.319607516840573,
        "weight_11": 55.3479889228682
    },
    "ess": {
        "weight_0": 1.316179960965893,
        "weight_1": 1.5283430287573585,
        "weight_2": 1.3154235730637476,
        "weight_3": 1.3219525124164422,
        "weight_4": 1.9850732472847044,
        "weight_5": 3.00004562946234,
        "weight_6": 1.604192258410115,
        "weight_7": 1.486674736379178,
        "weight_8": 1.319504453310681,
        "weight_9": 1.345217700082175,
        "weight_10": 1.3360051765718488,
        "weight_11": 1.3149859064474154
    }
}