{
    "r_hat": {
        "weight_0": 13.732920578967825,
        "weight_1": 33.594428121201304,
        "weight_2": 40.78732456284638,
        "weight_3": 32.72429055009668,
        "weight_4": 11.937495155771922,
        "weight_5": 21.32139974183902,
        "weight_6": 9.95751777264908,
        "weight_7": 26.091630428423688,
        "weight_8": 27.814674496977638,
        "weight_9": 24.742810807312434,
        "weight_10": 23.419793142936072,
        "weight_11": 25.47302851048235
    },
    "ess": {
        "weight_0": 1.3143886373804898,
        "weight_1": 1.5004416053185072,
        "weight_2": 1.3140072729423349,
        "weight_3": 1.3164026927597896,
        "weight_4": 1.4864030187091453,
        "weight_5": 1.8375707180130125,
        "weight_6": 2.93559961964319,
        "weight_7": 1.4395937225088575,
        "weight_8": 1.314827275098949,
        "weight_9": 1.4809006711858452,
        "weight_10": 1.3883957710728347,
        "weight_11": 1.3168935558902202
    }
}