{
    "r_hat": {
        "weight_0": 19.946678646456242,
        "weight_1": 8.597920985386251,
        "weight_2": 12.743235434631915,
        "weight_3": 25.659317779362805,
        "weight_4": 37.67046972852628,
        "weight_5": 9.593148336901278,
        "weight_6": 21.14463014495134,
        "weight_7": 20.94812606286207,
        "weight_8": 16.59745520734242,
        "weight_9": 9.866731737702185,
        "weight_10": 5.255315703859784,
        "weight_11": 10.844028906673348
    },
    "ess": {
        "weight_0": 1.3158165875072965,
        "weight_1": 1.6750313390733118,
        "weight_2": 1.3143449363848436,
        "weight_3": 1.3155259225189444,
        "weight_4": 1.3193311879227467,
        "weight_5": 1.4458295865906914,
        "weight_6": 1.3918224517258397,
        "weight_7": 1.343135276253871,
        "weight_8": 1.311604930061181,
        "weight_9": 1.750685154413118,
        "weight_10": 1.3344987828114057,
        "weight_11": 1.3165635656246435
    }
}