{
    "r_hat": {
        "weight_0": 17.405414244105966,
        "weight_1": 31.36823118695776,
        "weight_2": 19.3465051597263,
        "weight_3": 6.894848604686592,
        "weight_4": 27.161954291696482,
        "weight_5": 3.6570664381779934,
        "weight_6": 26.866398428233843,
        "weight_7": 37.351739969132154,
        "weight_8": 6.596452525211889,
        "weight_9": 13.190488136768645,
        "weight_10": 6.616437652457423,
        "weight_11": 19.748961342369817
    },
    "ess": {
        "weight_0": 1.316392755358742,
        "weight_1": 1.646809076520582,
        "weight_2": 1.312426757202818,
        "weight_3": 1.3155178808961625,
        "weight_4": 1.4095145015034656,
        "weight_5": 2.732981987363887,
        "weight_6": 1.3231837139896412,
        "weight_7": 1.461931456142766,
        "weight_8": 1.3153940581846322,
        "weight_9": 1.3308760115489209,
        "weight_10": 1.3211891721411966,
        "weight_11": 1.3202424895403895
    }
}