{
    "r_hat": {
        "weight_0": 34.25966683447754,
        "weight_1": 23.005482417926938,
        "weight_2": 27.34517859772973,
        "weight_3": 15.186923914361417,
        "weight_4": 13.657947875444576,
        "weight_5": 13.51571186984467,
        "weight_6": 12.30187854175374,
        "weight_7": 13.78998029001153,
        "weight_8": 29.325011949334495,
        "weight_9": 3.709339547574938,
        "weight_10": 9.801068470747957,
        "weight_11": 24.416951323157853
    },
    "ess": {
        "weight_0": 1.3163352743177033,
        "weight_1": 1.9509758941409716,
        "weight_2": 1.314647383133015,
        "weight_3": 1.315055267792152,
        "weight_4": 1.383041795770105,
        "weight_5": 1.482503968634054,
        "weight_6": 1.4380635487212654,
        "weight_7": 1.9840943507260587,
        "weight_8": 1.3158470517752605,
        "weight_9": 1.837062056097559,
        "weight_10": 1.3180499994826258,
        "weight_11": 1.315912119704381
    }
}