{
    "r_hat": {
        "weight_0": 22.97385177509263,
        "weight_1": 22.36096295979795,
        "weight_2": 39.81622295464895,
        "weight_3": 10.426754447978539,
        "weight_4": 21.708478568264326,
        "weight_5": 26.0621089480519,
        "weight_6": 6.436810648552516,
        "weight_7": 18.54654991702748,
        "weight_8": 12.877244374361359,
        "weight_9": 6.648635852985945,
        "weight_10": 11.794085622850355,
        "weight_11": 13.545107238718836
    },
    "ess": {
        "weight_0": 1.316783564973765,
        "weight_1": 1.5547966821432104,
        "weight_2": 1.3143732129536683,
        "weight_3": 1.3185068902221155,
        "weight_4": 1.5822794866635408,
        "weight_5": 1.37539045360809,
        "weight_6": 1.564857942976868,
        "weight_7": 1.4102017574106842,
        "weight_8": 1.3195158984451794,
        "weight_9": 1.7061338754168272,
        "weight_10": 1.8456988687735492,
        "weight_11": 1.3195048636915734
    }
}