{
    "r_hat": {
        "weight_0": 19.123958963717175,
        "weight_1": 21.187818719231345,
        "weight_2": 14.204769318316215,
        "weight_3": 8.03493580206114,
        "weight_4": 18.721355734047304,
        "weight_5": 17.063142963946323,
        "weight_6": 19.618998280814036,
        "weight_7": 24.15741822263962,
        "weight_8": 13.503981380006806,
        "weight_9": 16.506777355683692,
        "weight_10": 17.469568009860104,
        "weight_11": 35.68236587209713
    },
    "ess": {
        "weight_0": 1.3159017300134719,
        "weight_1": 1.8047199326238825,
        "weight_2": 1.3168698577052274,
        "weight_3": 1.3154448693065564,
        "weight_4": 1.7237995220551143,
        "weight_5": 1.5459269445031385,
        "weight_6": 1.4419172717305007,
        "weight_7": 2.128840666659797,
        "weight_8": 1.3194912760788904,
        "weight_9": 1.6800988939775507,
        "weight_10": 1.3564379891186729,
        "weight_11": 1.3150173339883096
    }
}