{
    "r_hat": {
        "weight_0": 25.359586687204175,
        "weight_1": 25.606275243335872,
        "weight_2": 15.52163763545266,
        "weight_3": 15.544911000759104,
        "weight_4": 47.38260103411324,
        "weight_5": 18.9357304520769,
        "weight_6": 13.662015183100777,
        "weight_7": 20.279432128161606,
        "weight_8": 29.409818410228983,
        "weight_9": 3.5529001754434026,
        "weight_10": 14.057654579644922,
        "weight_11": 18.686211118702165
    },
    "ess": {
        "weight_0": 1.321360300817229,
        "weight_1": 1.3751562140019626,
        "weight_2": 1.325467964404793,
        "weight_3": 1.3189074119316846,
        "weight_4": 1.346236079886792,
        "weight_5": 1.3433054094657464,
        "weight_6": 1.3984625611105137,
        "weight_7": 4.624363649003169,
        "weight_8": 1.3158255027909898,
        "weight_9": 1.5697047986899622,
        "weight_10": 1.3153077323689764,
        "weight_11": 1.315944172612398
    }
}