{
    "r_hat": {
        "weight_0": 10.401634153854111,
        "weight_1": 45.840234252904395,
        "weight_2": 19.770400054366974,
        "weight_3": 32.40007308249273,
        "weight_4": 12.734969066227835,
        "weight_5": 14.31011999547801,
        "weight_6": 23.579672746061437,
        "weight_7": 10.749309698342964,
        "weight_8": 15.233515562692192,
        "weight_9": 39.48017816872793,
        "weight_10": 48.674105174141445,
        "weight_11": 8.580663306399943
    },
    "ess": {
        "weight_0": 1.318434122335237,
        "weight_1": 1.3810045035302134,
        "weight_2": 1.3179677629386024,
        "weight_3": 1.3166387229809806,
        "weight_4": 1.3343778638892805,
        "weight_5": 1.548400706680678,
        "weight_6": 2.0944562284643533,
        "weight_7": 2.171365811416665,
        "weight_8": 1.313141284382714,
        "weight_9": 1.3382851444842143,
        "weight_10": 1.319337267137596,
        "weight_11": 1.314309302051039
    }
}