{
    "r_hat": {
        "weight_0": 19.07077823993394,
        "weight_1": 17.76597610902281,
        "weight_2": 13.282570051952844,
        "weight_3": 36.20941771599298,
        "weight_4": 16.4623100225752,
        "weight_5": 6.6051997062375545,
        "weight_6": 23.364546903821452,
        "weight_7": 36.371707711258516,
        "weight_8": 8.89162753328122,
        "weight_9": 12.86825023424331,
        "weight_10": 6.526735884336299,
        "weight_11": 13.607270748638767
    },
    "ess": {
        "weight_0": 1.3169235173791807,
        "weight_1": 1.3735896793301121,
        "weight_2": 1.3144233350441263,
        "weight_3": 1.313820566424995,
        "weight_4": 1.3429446911182437,
        "weight_5": 2.178346258979592,
        "weight_6": 1.44132363094276,
        "weight_7": 1.6711649143494367,
        "weight_8": 1.3172958771226133,
        "weight_9": 2.015241167064204,
        "weight_10": 1.3153333566220002,
        "weight_11": 1.315510830173631
    }
}