{
    "r_hat": {
        "weight_0": 18.705801003129324,
        "weight_1": 5.236771879338461,
        "weight_2": 21.35617409638107,
        "weight_3": 9.20660756810104,
        "weight_4": 24.907369709427975,
        "weight_5": 27.360559216954208,
        "weight_6": 17.447347514887934,
        "weight_7": 22.116687226663906,
        "weight_8": 31.667292786355926,
        "weight_9": 20.23448166326562,
        "weight_10": 10.296441481312218,
        "weight_11": 9.141780703461837
    },
    "ess": {
        "weight_0": 1.3179222013126075,
        "weight_1": 1.9248174409019023,
        "weight_2": 1.3146782183068981,
        "weight_3": 1.3172112016159183,
        "weight_4": 1.3094783962309973,
        "weight_5": 3.9835955666183374,
        "weight_6": 2.074006612096556,
        "weight_7": 1.5435928483352892,
        "weight_8": 1.3132741110862471,
        "weight_9": 1.9735112198939078,
        "weight_10": 1.3358324156256263,
        "weight_11": 1.3180705356677125
    }
}