{
    "r_hat": {
        "weight_0": 29.338372975174693,
        "weight_1": 15.907590331563497,
        "weight_2": 38.25095630826227,
        "weight_3": 15.565950598794522,
        "weight_4": 17.263012454039718,
        "weight_5": 6.099347381307025,
        "weight_6": 32.16369421193411,
        "weight_7": 20.703512087932243,
        "weight_8": 15.47012030781406,
        "weight_9": 15.2020637258903,
        "weight_10": 34.12597773817149,
        "weight_11": 30.20371551770952
    },
    "ess": {
        "weight_0": 1.3140950150990276,
        "weight_1": 1.5557970893510997,
        "weight_2": 1.3168368104625767,
        "weight_3": 1.3152637139373156,
        "weight_4": 1.6909579294047075,
        "weight_5": 1.9156805683462723,
        "weight_6": 1.3970831706128428,
        "weight_7": 2.337256372525001,
        "weight_8": 1.3160572847773975,
        "weight_9": 1.711849532336391,
        "weight_10": 1.3142431212742403,
        "weight_11": 1.3160653472396024
    }
}