{
    "r_hat": {
        "weight_0": 31.13880533545238,
        "weight_1": 23.080354205760113,
        "weight_2": 24.14087584907759,
        "weight_3": 17.164129631501048,
        "weight_4": 23.31144426865546,
        "weight_5": 12.076749368500494,
        "weight_6": 25.9969780608605,
        "weight_7": 26.623765145436046,
        "weight_8": 14.570719420899968,
        "weight_9": 17.659693097164986,
        "weight_10": 40.246774155408055,
        "weight_11": 22.15532225414499
    },
    "ess": {
        "weight_0": 1.3154320942134516,
        "weight_1": 1.4376607750061612,
        "weight_2": 1.3141192840221048,
        "weight_3": 1.3171140797978347,
        "weight_4": 1.3308961285192318,
        "weight_5": 1.7552994955889845,
        "weight_6": 1.941354721346975,
        "weight_7": 2.3115107629610128,
        "weight_8": 1.32027983899579,
        "weight_9": 3.3797405126923667,
        "weight_10": 1.3520019729606483,
        "weight_11": 1.3154529469146188
    }
}