{
    "r_hat": {
        "weight_0": 17.368269447664854,
        "weight_1": 13.67977484839528,
        "weight_2": 28.155297757658715,
        "weight_3": 10.409151855909002,
        "weight_4": 15.634959264096528,
        "weight_5": 12.234877037360416,
        "weight_6": 12.21926327998794,
        "weight_7": 15.969267625419029,
        "weight_8": 11.888911497001477,
        "weight_9": 23.67611832875242,
        "weight_10": 36.12587073243561,
        "weight_11": 20.604876659327942
    },
    "ess": {
        "weight_0": 1.3176884292767237,
        "weight_1": 1.7007258303552377,
        "weight_2": 1.318887662130761,
        "weight_3": 1.3191085327718632,
        "weight_4": 1.3637572457993032,
        "weight_5": 1.828559184864753,
        "weight_6": 1.5410241571511882,
        "weight_7": 1.4174237459035186,
        "weight_8": 1.3151784428696698,
        "weight_9": 1.4281977874167746,
        "weight_10": 1.3277146762469483,
        "weight_11": 1.313977086996701
    }
}