{
    "r_hat": {
        "weight_0": 5.918995203063595,
        "weight_1": 19.737754857085744,
        "weight_2": 30.86902786382215,
        "weight_3": 14.803236110638025,
        "weight_4": 19.407636109479977,
        "weight_5": 14.256651148820781,
        "weight_6": 43.15974772906749,
        "weight_7": 14.567702374818072,
        "weight_8": 11.799307017818414,
        "weight_9": 25.553592655873416,
        "weight_10": 36.75371100465759,
        "weight_11": 11.592167952567003
    },
    "ess": {
        "weight_0": 1.3168711476548782,
        "weight_1": 4.393497838898145,
        "weight_2": 1.3170717614375538,
        "weight_3": 1.3174271743337953,
        "weight_4": 1.353105177452079,
        "weight_5": 2.331742979084773,
        "weight_6": 2.7049026374585114,
        "weight_7": 2.0387224178606544,
        "weight_8": 1.3182345646011435,
        "weight_9": 1.3284060020986772,
        "weight_10": 1.3222522614303571,
        "weight_11": 1.3179628842804596
    }
}