{
    "r_hat": {
        "weight_0": 24.80720080736105,
        "weight_1": 30.610308651992437,
        "weight_2": 16.822993401833504,
        "weight_3": 20.583223624463045,
        "weight_4": 16.57425782895876,
        "weight_5": 21.484975777404014,
        "weight_6": 17.461296185161526,
        "weight_7": 18.638922138849285,
        "weight_8": 7.4359345949717435,
        "weight_9": 24.89467092302359,
        "weight_10": 21.363959127215498,
        "weight_11": 14.037109480184727
    },
    "ess": {
        "weight_0": 1.3216929523552379,
        "weight_1": 2.0025864691156947,
        "weight_2": 1.3108252003541458,
        "weight_3": 1.318361970195745,
        "weight_4": 1.4140072001637414,
        "weight_5": 2.4075181696981023,
        "weight_6": 1.4084305749136194,
        "weight_7": 1.5991774913470318,
        "weight_8": 1.3174469242151934,
        "weight_9": 1.320767518752792,
        "weight_10": 1.3282639196272008,
        "weight_11": 1.3154643314708738
    }
}