{
    "r_hat": {
        "weight_0": 9.421871514874077,
        "weight_1": 39.042496671147916,
        "weight_2": 17.752487615205045,
        "weight_3": 25.00602558053145,
        "weight_4": 12.202450585648668,
        "weight_5": 24.628723777913653,
        "weight_6": 8.853008758077772,
        "weight_7": 37.06887887776428,
        "weight_8": 31.588207475374272,
        "weight_9": 9.30526559538352,
        "weight_10": 44.43304663919092,
        "weight_11": 10.600448494149164
    },
    "ess": {
        "weight_0": 1.3167808903293499,
        "weight_1": 1.4753764590051164,
        "weight_2": 1.3153250787168416,
        "weight_3": 1.3140214222125437,
        "weight_4": 1.33659559560455,
        "weight_5": 2.4244188174262087,
        "weight_6": 1.5537565860138023,
        "weight_7": 1.6446120443956982,
        "weight_8": 1.3173312847525893,
        "weight_9": 3.0881379742435007,
        "weight_10": 1.3215854797019997,
        "weight_11": 1.314667846229166
    }
}