{
    "rmse": 6.6164086626115255,
    "mae": 4.348246453733365,
    "r2": 0.9389809802914248
}