floor_area,ghg_emissions_int,fuel_eui,electric_eui
6.684500258415937424e-03
1.768790744245052338e-02
1.149477530270814896e-02
1.015110965818166733e-02
