{
    "feature_importance": {
        "ghg_emissions_int_log": 0.0005122251428345859,
        "floor_area_log": 4.364446055642411e-05,
        "electric_eui": 0.00040838211598501266,
        "fuel_eui": 0.0005682580821662391,
        "energy_star_rating_normalized": 0.08649129921001722,
        "energy_mix": 0.056048439126103015,
        "building_age_log": 0.010453941477227115,
        "floor_area_squared": 0.2369852278852559,
        "energy_intensity_ratio": 0.08050231323752148,
        "building_age_squared": 0.00950832314427149,
        "energy_star_rating_squared": 0.2845781681863216,
        "ghg_per_area": 0.23390062403572087
    },
    "feature_importance_std": {
        "ghg_emissions_int_log": 9.661347636055317e-07,
        "floor_area_log": 9.527636417283641e-07,
        "electric_eui": 1.0049809060534117e-06,
        "fuel_eui": 9.37753822213435e-07,
        "energy_star_rating_normalized": 1.0224505876954847e-06,
        "energy_mix": 9.90432360267774e-07,
        "building_age_log": 9.083787427557914e-07,
        "floor_area_squared": 1.0228596692851305e-06,
        "energy_intensity_ratio": 1.0522146306497645e-06,
        "building_age_squared": 9.298001464571234e-07,
        "energy_star_rating_squared": 9.358709850291505e-07,
        "ghg_per_area": 1.006445644325868e-06
    },
    "target_correlations": {
        "ghg_emissions_int_log": 0.9389433883352163,
        "floor_area_log": 0.1835703020939087,
        "electric_eui": 0.6983235607878786,
        "fuel_eui": 0.6256201357383205,
        "energy_star_rating_normalized": -0.5150949545386211,
        "energy_mix": 0.21437659311228624,
        "building_age_log": -0.18122647000694683,
        "floor_area_squared": 0.1835699954781761,
        "energy_intensity_ratio": 0.24251462175185948,
        "building_age_squared": -0.1806112506387019,
        "energy_star_rating_squared": -0.5779048127501762,
        "ghg_per_area": 0.27828524793265663
    },
    "interaction_strength": {
        "ghg_emissions_int_log_floor_area_log": 0.13096435878959944,
        "ghg_emissions_int_log_electric_eui": 0.5610668742708489,
        "ghg_emissions_int_log_fuel_eui": 0.23514458938525795,
        "ghg_emissions_int_log_energy_star_rating_normalized": 0.3606170881839539,
        "ghg_emissions_int_log_building_age_log": 0.2327025994643943,
        "ghg_emissions_int_log_floor_area_squared": 0.13121919803935356,
        "ghg_emissions_int_log_building_age_squared": 0.23181931882840523,
        "ghg_emissions_int_log_energy_star_rating_squared": 0.3232622079157954,
        "ghg_emissions_int_log_ghg_per_area": 0.1802909908224608,
        "floor_area_log_electric_eui": 0.2155261337952652,
        "floor_area_log_fuel_eui": 0.31439167185230055,
        "floor_area_log_energy_star_rating_normalized": 0.32936360523667574,
        "floor_area_log_energy_mix": 0.17903621533028158,
        "floor_area_log_building_age_log": 3.803742387394699,
        "floor_area_log_floor_area_squared": 6.845236729148839,
        "floor_area_log_energy_intensity_ratio": 1.376222564483455,
        "floor_area_log_building_age_squared": 3.802237620019162,
        "floor_area_log_energy_star_rating_squared": 0.2908543449898886,
        "floor_area_log_ghg_per_area": 1.2417303584308144,
        "electric_eui_energy_star_rating_normalized": 0.34909400774871013,
        "electric_eui_energy_mix": 0.5137592564939748,
        "electric_eui_building_age_log": 0.2887768319158024,
        "electric_eui_floor_area_squared": 0.22863210426013314,
        "electric_eui_building_age_squared": 0.2896153433995714,
        "electric_eui_energy_star_rating_squared": 0.31927726041968985,
        "fuel_eui_energy_star_rating_normalized": 0.1630901090680439,
        "fuel_eui_energy_mix": 0.5426668848468168,
        "fuel_eui_building_age_log": 0.2564397159243983,
        "fuel_eui_floor_area_squared": 0.31876247310340844,
        "fuel_eui_energy_intensity_ratio": 0.1002324465535871,
        "fuel_eui_building_age_squared": 0.2645752684789917,
        "fuel_eui_energy_star_rating_squared": 0.11773774484470234,
        "energy_star_rating_normalized_building_age_log": 0.19321983799162634,
        "energy_star_rating_normalized_floor_area_squared": 0.25964607957966823,
        "energy_star_rating_normalized_energy_intensity_ratio": 0.13055018036488963,
        "energy_star_rating_normalized_building_age_squared": 0.19420332578351207,
        "energy_star_rating_normalized_energy_star_rating_squared": 4.196353658562294,
        "energy_star_rating_normalized_ghg_per_area": 0.122707958958161,
        "energy_mix_building_age_log": 0.19750733637041584,
        "energy_mix_floor_area_squared": 0.20347660982918203,
        "energy_mix_building_age_squared": 0.20024923923010896,
        "building_age_log_floor_area_squared": 3.802000866951648,
        "building_age_log_energy_intensity_ratio": 0.4765068767668028,
        "building_age_log_building_age_squared": 4.212491640058065,
        "building_age_log_energy_star_rating_squared": 0.15433804545990348,
        "building_age_log_ghg_per_area": 0.4187006279620755,
        "floor_area_squared_energy_intensity_ratio": 1.37644011698303,
        "floor_area_squared_building_age_squared": 3.80280605742552,
        "floor_area_squared_energy_star_rating_squared": 0.2948011683728815,
        "floor_area_squared_ghg_per_area": 1.2419420827144245,
        "energy_intensity_ratio_building_age_squared": 0.5341509574982322,
        "energy_intensity_ratio_energy_star_rating_squared": 0.1683103123959535,
        "energy_intensity_ratio_ghg_per_area": 2.344084935432513,
        "building_age_squared_energy_star_rating_squared": 0.14197155461784394,
        "building_age_squared_ghg_per_area": 0.4191812062485649,
        "energy_star_rating_squared_ghg_per_area": 0.12038172729108876
    },
    "model_metrics": {
        "rmse": 17.656864083449477,
        "r2": 0.5654297263594706,
        "mae": 13.748546242054728,
        "mean_std": 13.594804290057478,
        "crps": 6.951144097025988,
        "picp_50": 0.41777371175638367,
        "picp_80": 0.6948733673746887,
        "picp_90": 0.8045547904980492,
        "picp_95": 0.8765613971875936,
        "picp_99": 0.950753325037274
    },
    "prior_hyperparameters": {
        "global_shrinkage": {
            "energy": 1e-10,
            "building": 0.9208641332488168
        },
        "local_shrinkage": {
            "energy": 9.731298768731443e-05,
            "building": 0.90999775891123
        },
        "mixing_parameter": {
            "energy": 0.1
        },
        "regularization_strength": {
            "energy": 2.7472889483342184
        }
    },
    "shap_importance": {
        "ghg_emissions_int_log": 0.0003745848939791248,
        "floor_area_log": 5.968858583232177e-05,
        "electric_eui": 0.018527329881846143,
        "fuel_eui": 0.023743573445023668,
        "energy_star_rating_normalized": 0.04978776792586753,
        "energy_mix": 0.007188969707948083,
        "building_age_log": 0.011510138319315317,
        "floor_area_squared": 1.404975457226202,
        "energy_intensity_ratio": 5.060580384252021e-05,
        "building_age_squared": 0.021251728175268842,
        "energy_star_rating_squared": 0.1917202269568255,
        "ghg_per_area": 0.0
    }
}