{
    "feature_importance": {
        "ghg_emissions_int_log": 0.1314719956444898,
        "floor_area_log": 0.0024172105098381608,
        "electric_eui": 0.11423025904381227,
        "fuel_eui": 0.13419984141680152,
        "energy_star_rating_normalized": 0.02884970890912847,
        "energy_mix": 0.00914634307909347,
        "building_age_log": 0.10600871186792717,
        "floor_area_squared": 0.017035073087153987,
        "energy_intensity_ratio": 0.1406442874027541,
        "building_age_squared": 0.10858662209258564,
        "energy_star_rating_squared": 0.0294992345670206,
        "ghg_per_area": 0.17791327696183482
    },
    "feature_importance_std": {
        "ghg_emissions_int_log": 1.0483905637450423e-06,
        "floor_area_log": 8.308049365296936e-07,
        "electric_eui": 9.455261630738688e-07,
        "fuel_eui": 1.0299826642249396e-06,
        "energy_star_rating_normalized": 9.857230790830705e-07,
        "energy_mix": 9.350115794281655e-07,
        "building_age_log": 9.491450178263037e-07,
        "floor_area_squared": 1.0032090810774902e-06,
        "energy_intensity_ratio": 9.95219391440536e-07,
        "building_age_squared": 9.877485332150785e-07,
        "energy_star_rating_squared": 1.0978130607625586e-06,
        "ghg_per_area": 1.0439588110805006e-06
    },
    "target_correlations": {
        "ghg_emissions_int_log": 0.9389433883352163,
        "floor_area_log": 0.1835703020939087,
        "electric_eui": 0.6983235607878786,
        "fuel_eui": 0.6256201357383205,
        "energy_star_rating_normalized": -0.5150949545386211,
        "energy_mix": 0.21437659311228624,
        "building_age_log": -0.18122647000694683,
        "floor_area_squared": 0.1835699954781761,
        "energy_intensity_ratio": 0.24251462175185948,
        "building_age_squared": -0.1806112506387019,
        "energy_star_rating_squared": -0.5779048127501762,
        "ghg_per_area": 0.27828524793265663
    },
    "interaction_strength": {
        "ghg_emissions_int_log_floor_area_log": 0.13114374892600544,
        "ghg_emissions_int_log_electric_eui": 0.5609731981545476,
        "ghg_emissions_int_log_fuel_eui": 0.23528603607123078,
        "ghg_emissions_int_log_energy_star_rating_normalized": 0.3611335805609075,
        "ghg_emissions_int_log_building_age_log": 0.23189968235478275,
        "ghg_emissions_int_log_floor_area_squared": 0.13111417231536127,
        "ghg_emissions_int_log_building_age_squared": 0.23252294919851835,
        "ghg_emissions_int_log_energy_star_rating_squared": 0.323356929650485,
        "ghg_emissions_int_log_ghg_per_area": 0.1803684241846124,
        "floor_area_log_electric_eui": 0.2152236590737484,
        "floor_area_log_fuel_eui": 0.31303462349194344,
        "floor_area_log_energy_star_rating_normalized": 0.32983569185933437,
        "floor_area_log_energy_mix": 0.17956668734699477,
        "floor_area_log_building_age_log": 3.803010543233679,
        "floor_area_log_floor_area_squared": 6.845279590577839,
        "floor_area_log_energy_intensity_ratio": 1.3763285020236395,
        "floor_area_log_building_age_squared": 3.8012737703483994,
        "floor_area_log_energy_star_rating_squared": 0.29538476388199086,
        "floor_area_log_ghg_per_area": 1.2404866097326046,
        "electric_eui_energy_star_rating_normalized": 0.34876840111301455,
        "electric_eui_energy_mix": 0.5139195172782438,
        "electric_eui_building_age_log": 0.29199872444327024,
        "electric_eui_floor_area_squared": 0.2303621226635224,
        "electric_eui_building_age_squared": 0.28901442004696865,
        "electric_eui_energy_star_rating_squared": 0.31972239351377496,
        "fuel_eui_energy_star_rating_normalized": 0.1602162789367627,
        "fuel_eui_energy_mix": 0.5418547193671284,
        "fuel_eui_building_age_log": 0.2695285538210106,
        "fuel_eui_floor_area_squared": 0.31821522361647947,
        "fuel_eui_energy_intensity_ratio": 0.10078687550170962,
        "fuel_eui_building_age_squared": 0.2586897833816595,
        "fuel_eui_energy_star_rating_squared": 0.12052178577765105,
        "energy_star_rating_normalized_building_age_log": 0.18727374172298994,
        "energy_star_rating_normalized_floor_area_squared": 0.26211333377932,
        "energy_star_rating_normalized_energy_intensity_ratio": 0.13042775327805334,
        "energy_star_rating_normalized_building_age_squared": 0.18586322168575364,
        "energy_star_rating_normalized_energy_star_rating_squared": 4.196506624050541,
        "energy_star_rating_normalized_ghg_per_area": 0.12386521585659338,
        "energy_mix_building_age_log": 0.20163791532605657,
        "energy_mix_floor_area_squared": 0.2029259433477444,
        "energy_mix_building_age_squared": 0.19927484767081793,
        "building_age_log_floor_area_squared": 3.800405075911436,
        "building_age_log_energy_intensity_ratio": 0.4755199677730886,
        "building_age_log_building_age_squared": 4.212555932201566,
        "building_age_log_energy_star_rating_squared": 0.1471564422648335,
        "building_age_log_ghg_per_area": 0.4168587318852941,
        "floor_area_squared_energy_intensity_ratio": 1.3758463835458175,
        "floor_area_squared_building_age_squared": 3.800548058327551,
        "floor_area_squared_energy_star_rating_squared": 0.2936664273535552,
        "floor_area_squared_ghg_per_area": 1.2417824684394922,
        "energy_intensity_ratio_building_age_squared": 0.5341509574982322,
        "energy_intensity_ratio_energy_star_rating_squared": 0.16838771030990962,
        "energy_intensity_ratio_ghg_per_area": 2.3440864301595057,
        "building_age_squared_energy_star_rating_squared": 0.1455240553513093,
        "building_age_squared_ghg_per_area": 0.41870130192392363,
        "energy_star_rating_squared_ghg_per_area": 0.12159374158723502
    },
    "model_metrics": {
        "rmse": 7.78772704778304,
        "r2": 0.9154243914927886,
        "mae": 5.414135397517574,
        "mean_std": 6.228011195909441,
        "crps": 2.3001297995628533,
        "picp_50": 0.5328583535179419,
        "picp_80": 0.7821807935117198,
        "picp_90": 0.8680750986479752,
        "picp_95": 0.9110218544020436,
        "picp_99": 0.9594974865797485
    },
    "prior_hyperparameters": {
        "global_shrinkage": {
            "energy": 0.05004464266200612,
            "building": 0.9818294029935533
        },
        "local_shrinkage": {
            "energy": 0.40394695056046326,
            "building": 0.9810100890597824
        },
        "mixing_parameter": {
            "energy": 0.1
        },
        "regularization_strength": {
            "energy": 10.0
        }
    },
    "shap_importance": {
        "ghg_emissions_int_log": 0.1101485473674712,
        "floor_area_log": 0.0070673475248953415,
        "electric_eui": 5.638738278766524,
        "fuel_eui": 5.836323177022205,
        "energy_star_rating_normalized": 0.017047136369604955,
        "energy_mix": 0.0012283893325539723,
        "building_age_log": 0.12445707286606743,
        "floor_area_squared": 0.0999519696655023,
        "energy_intensity_ratio": 4.248491552169376e-05,
        "building_age_squared": 0.2587444559101621,
        "energy_star_rating_squared": 0.02061407200218062,
        "ghg_per_area": 0.0
    }
}