{
    "fold": 1.5,
    "rmse": 7.78772704778304,
    "mae": 5.414135397517574,
    "r2": 0.9154243914927886,
    "mean_std": 6.228011195909441,
    "crps": 2.3001297995628533,
    "picp_50": 0.5328583535179419,
    "picp_80": 0.7821807935117198,
    "picp_90": 0.8680750986479752,
    "picp_95": 0.9110218544020436,
    "picp_99": 0.9594974865797485
}