{
    "fold": 1.5,
    "rmse": 17.656864083449477,
    "mae": 13.748546242054728,
    "r2": 0.5654297263594706,
    "mean_std": 13.594804290057478,
    "crps": 6.951144097025988,
    "picp_50": 0.41777371175638367,
    "picp_80": 0.6948733673746887,
    "picp_90": 0.8045547904980492,
    "picp_95": 0.8765613971875936,
    "picp_99": 0.950753325037274
}