{
    "ghg_emissions_int_log": 0.1101485473674712,
    "floor_area_log": 0.0070673475248953415,
    "electric_eui": 5.638738278766524,
    "fuel_eui": 5.836323177022205,
    "energy_star_rating_normalized": 0.017047136369604955,
    "energy_mix": 0.0012283893325539723,
    "building_age_log": 0.12445707286606743,
    "floor_area_squared": 0.0999519696655023,
    "energy_intensity_ratio": 4.248491552169376e-05,
    "building_age_squared": 0.2587444559101621,
    "energy_star_rating_squared": 0.02061407200218062,
    "ghg_per_area": 0.0
}