{
    "picp": {
        "0.5": 0.03098881316703099,
        "0.8": 0.0639063906390639,
        "0.9": 0.07920792079207921,
        "0.95": 0.09296643950109297,
        "0.99": 0.12215507265012215
    },
    "crps": 3.995874998637349,
    "mae": 3.8932854719610797,
    "rmse": 6.225850789726973,
    "reliability": {
        "0.5": {
            "expected": 0.5,
            "actual": 0.03098881316703099
        },
        "0.8": {
            "expected": 0.8,
            "actual": 0.0639063906390639
        },
        "0.9": {
            "expected": 0.9,
            "actual": 0.07920792079207921
        },
        "0.95": {
            "expected": 0.95,
            "actual": 0.09296643950109297
        },
        "0.99": {
            "expected": 0.99,
            "actual": 0.12215507265012215
        }
    }
}