floor_area,ghg_emissions_int,fuel_eui,electric_eui
6.632100325077772141e-03
5.791815742850303650e-02
1.987053640186786652e-02
1.999137178063392639e-02
