{
    "rmse": 7.100323135773309,
    "mae": 4.29305004335095,
    "r2": 0.929116031034108,
    "mean_std": 6.48643954098587
}