floor_area,ghg_emissions_int,fuel_eui,electric_eui
7.354011293500661850e-03
2.951461449265480042e-02
1.376927271485328674e-02
1.378360204398632050e-02
