{
    "feature_importance": {
        "ghg_emissions_int_log": 0.002879801627096684,
        "floor_area_log": 0.6631264251971974,
        "electric_eui": 0.0022250460689651717,
        "fuel_eui": 0.002277791149568401,
        "energy_star_rating_normalized": 0.0007447837507964809,
        "energy_mix": 0.0005724074364568969,
        "building_age_log": 0.002853350772445798,
        "floor_area_squared": 0.1885149849495399,
        "energy_intensity_ratio": 0.01477861876626458,
        "building_age_squared": 0.05265981525509639,
        "energy_star_rating_squared": 0.012401290155137119,
        "ghg_per_area": 0.015571707334462172,
        "age_energy_star_interaction": 0.013807884027753679,
        "area_energy_star_interaction": 0.013554040016055985,
        "age_ghg_interaction": 0.014032053493163409
    },
    "feature_importance_std": {
        "ghg_emissions_int_log": 1.734723475976807e-18,
        "floor_area_log": 4.440892098500626e-16,
        "electric_eui": 3.0357660829594124e-18,
        "fuel_eui": 6.071532165918825e-18,
        "energy_star_rating_normalized": 1.0842021724855044e-18,
        "energy_mix": 1.0842021724855044e-18,
        "building_age_log": 3.0357660829594124e-18,
        "floor_area_squared": 2.7755575615628914e-17,
        "energy_intensity_ratio": 3.122502256758253e-17,
        "building_age_squared": 8.326672684688674e-17,
        "energy_star_rating_squared": 1.0408340855860843e-17,
        "ghg_per_area": 3.469446951953614e-18,
        "age_energy_star_interaction": 2.949029909160572e-17,
        "area_energy_star_interaction": 2.6020852139652106e-17,
        "age_ghg_interaction": 1.3877787807814457e-17
    },
    "target_correlations": {
        "ghg_emissions_int_log": 0.9389433883352163,
        "floor_area_log": 0.1835703020939087,
        "electric_eui": 0.6983235607878786,
        "fuel_eui": 0.6256201357383205,
        "energy_star_rating_normalized": -0.5150949545386211,
        "energy_mix": 0.21437659311228624,
        "building_age_log": -0.18122647000694683,
        "floor_area_squared": 0.1835699954781761,
        "energy_intensity_ratio": 0.24251462175185948,
        "building_age_squared": -0.1806112506387019,
        "energy_star_rating_squared": -0.5779048127501762,
        "ghg_per_area": 0.27828524793265663,
        "age_energy_star_interaction": -0.5354267951955604,
        "area_energy_star_interaction": -0.43498596017219754,
        "age_ghg_interaction": 0.7733968940140836
    },
    "interaction_strength": {
        "ghg_emissions_int_log_floor_area_log": 0.13111387143764563,
        "ghg_emissions_int_log_electric_eui": 0.560938193303933,
        "ghg_emissions_int_log_fuel_eui": 0.2352328736063498,
        "ghg_emissions_int_log_energy_star_rating_normalized": 0.35950954176161964,
        "ghg_emissions_int_log_building_age_log": 0.23166095389050767,
        "ghg_emissions_int_log_floor_area_squared": 0.1310174179005239,
        "ghg_emissions_int_log_building_age_squared": 0.2317936143442223,
        "ghg_emissions_int_log_energy_star_rating_squared": 0.3240700448205729,
        "ghg_emissions_int_log_ghg_per_area": 0.18033638357048343,
        "ghg_emissions_int_log_age_energy_star_interaction": 0.25532434277395843,
        "ghg_emissions_int_log_area_energy_star_interaction": 0.1389162845516081,
        "ghg_emissions_int_log_age_ghg_interaction": 1.4940569196484041,
        "floor_area_log_electric_eui": 0.21582170010367907,
        "floor_area_log_fuel_eui": 0.31344604602128,
        "floor_area_log_energy_star_rating_normalized": 0.33205816482191164,
        "floor_area_log_energy_mix": 0.17742845176854427,
        "floor_area_log_building_age_log": 3.800849808185614,
        "floor_area_log_floor_area_squared": 6.845193867719839,
        "floor_area_log_energy_intensity_ratio": 1.3762839488123104,
        "floor_area_log_building_age_squared": 3.8015140474544635,
        "floor_area_log_energy_star_rating_squared": 0.2950858021325615,
        "floor_area_log_ghg_per_area": 1.2412192839406488,
        "floor_area_log_age_energy_star_interaction": 0.4043871894309534,
        "floor_area_log_area_energy_star_interaction": 0.6949970919429749,
        "floor_area_log_age_ghg_interaction": 0.1120220101105609,
        "electric_eui_energy_star_rating_normalized": 0.3497221858171624,
        "electric_eui_energy_mix": 0.5132080986765972,
        "electric_eui_building_age_log": 0.2895546500900572,
        "electric_eui_floor_area_squared": 0.22858345422798365,
        "electric_eui_building_age_squared": 0.288468318870005,
        "electric_eui_energy_star_rating_squared": 0.31899687250150066,
        "electric_eui_age_energy_star_interaction": 0.29110298001572144,
        "electric_eui_area_energy_star_interaction": 0.13617682579494161,
        "electric_eui_age_ghg_interaction": 0.3184469215739165,
        "fuel_eui_energy_star_rating_normalized": 0.15963912495471266,
        "fuel_eui_energy_mix": 0.5434149863445583,
        "fuel_eui_building_age_log": 0.26244672306556094,
        "fuel_eui_floor_area_squared": 0.31910427679158637,
        "fuel_eui_building_age_squared": 0.259976685083938,
        "fuel_eui_energy_star_rating_squared": 0.112065607497005,
        "fuel_eui_age_ghg_interaction": 0.19102954472316647,
        "energy_star_rating_normalized_building_age_log": 0.1902036660737565,
        "energy_star_rating_normalized_floor_area_squared": 0.2630182556338747,
        "energy_star_rating_normalized_energy_intensity_ratio": 0.13099541144119442,
        "energy_star_rating_normalized_building_age_squared": 0.18888705390381944,
        "energy_star_rating_normalized_energy_star_rating_squared": 4.197056815306337,
        "energy_star_rating_normalized_ghg_per_area": 0.12319757491343619,
        "energy_star_rating_normalized_age_energy_star_interaction": 2.501763913535328,
        "energy_star_rating_normalized_area_energy_star_interaction": 1.6068963773077862,
        "energy_star_rating_normalized_age_ghg_interaction": 0.20254143692609894,
        "energy_mix_building_age_log": 0.19962435679003931,
        "energy_mix_floor_area_squared": 0.2045570041743341,
        "energy_mix_building_age_squared": 0.19696207960981837,
        "building_age_log_floor_area_squared": 3.7930434125328,
        "building_age_log_energy_intensity_ratio": 0.4763355388640198,
        "building_age_log_building_age_squared": 4.212555932201566,
        "building_age_log_energy_star_rating_squared": 0.150780445069004,
        "building_age_log_ghg_per_area": 0.4177553369208926,
        "building_age_log_age_energy_star_interaction": 1.4706121078792833,
        "building_age_log_area_energy_star_interaction": 0.26843752384164077,
        "building_age_log_age_ghg_interaction": 0.22712592907274232,
        "floor_area_squared_energy_intensity_ratio": 1.376993840512534,
        "floor_area_squared_building_age_squared": 3.8021665404953255,
        "floor_area_squared_energy_star_rating_squared": 0.2929433079582937,
        "floor_area_squared_ghg_per_area": 1.2408605103016486,
        "floor_area_squared_age_energy_star_interaction": 0.40447000042762227,
        "floor_area_squared_area_energy_star_interaction": 0.6948380766475024,
        "floor_area_squared_age_ghg_interaction": 0.11185802943040635,
        "energy_intensity_ratio_building_age_squared": 0.5341672856616606,
        "energy_intensity_ratio_energy_star_rating_squared": 0.1684652400746387,
        "energy_intensity_ratio_ghg_per_area": 2.3440849950788807,
        "energy_intensity_ratio_age_energy_star_interaction": 0.13521762551525818,
        "energy_intensity_ratio_area_energy_star_interaction": 0.2886368613356005,
        "energy_intensity_ratio_age_ghg_interaction": 0.10733428513040266,
        "building_age_squared_energy_star_rating_squared": 0.14498531916940038,
        "building_age_squared_ghg_per_area": 0.4191162129330763,
        "building_age_squared_age_energy_star_interaction": 1.479441502652541,