{
    "feature_importance": {
        "ghg_emissions_int_log": 0.0028798016806702415,
        "floor_area_log": 0.6631263127920501,
        "electric_eui": 0.0022250486787658303,
        "fuel_eui": 0.0022777929373593,
        "energy_star_rating_normalized": 0.0007447838297974145,
        "energy_mix": 0.0005724093221795951,
        "building_age_log": 0.002853350787183755,
        "floor_area_squared": 0.18851495305571417,
        "energy_intensity_ratio": 0.014778626823647533,
        "building_age_squared": 0.05265981552913848,
        "energy_star_rating_squared": 0.012401362501283906,
        "ghg_per_area": 0.015571710804245471,
        "age_energy_star_interaction": 0.013807910186323673,
        "area_energy_star_interaction": 0.01355405577627837,
        "age_ghg_interaction": 0.014032065295361863
    },
    "feature_importance_std": {
        "ghg_emissions_int_log": 2.168404344971009e-18,
        "floor_area_log": 1.1102230246251565e-15,
        "electric_eui": 1.3010426069826053e-18,
        "fuel_eui": 1.734723475976807e-18,
        "energy_star_rating_normalized": 1.0842021724855044e-19,
        "energy_mix": 1.4094628242311558e-18,
        "building_age_log": 2.6020852139652106e-18,
        "floor_area_squared": 1.3877787807814457e-16,
        "energy_intensity_ratio": 1.734723475976807e-17,
        "building_age_squared": 1.1102230246251565e-16,
        "energy_star_rating_squared": 6.938893903907228e-18,
        "ghg_per_area": 5.204170427930421e-18,
        "age_energy_star_interaction": 1.9081958235744878e-17,
        "area_energy_star_interaction": 2.0816681711721685e-17,
        "age_ghg_interaction": 1.9081958235744878e-17
    },
    "target_correlations": {
        "ghg_emissions_int_log": 0.9389433883352163,
        "floor_area_log": 0.1835703020939087,
        "electric_eui": 0.6983235607878786,
        "fuel_eui": 0.6256201357383205,
        "energy_star_rating_normalized": -0.5150949545386211,
        "energy_mix": 0.21437659311228624,
        "building_age_log": -0.18122647000694683,
        "floor_area_squared": 0.1835699954781761,
        "energy_intensity_ratio": 0.24251462175185948,
        "building_age_squared": -0.1806112506387019,
        "energy_star_rating_squared": -0.5779048127501762,
        "ghg_per_area": 0.27828524793265663,
        "age_energy_star_interaction": -0.5354267951955604,
        "area_energy_star_interaction": -0.43498596017219754,
        "age_ghg_interaction": 0.7733968940140836
    },
    "interaction_strength": {
        "ghg_emissions_int_log_floor_area_log": 0.130774839798538,
        "ghg_emissions_int_log_electric_eui": 0.5609782369682161,
        "ghg_emissions_int_log_fuel_eui": 0.23538492538842792,
        "ghg_emissions_int_log_energy_star_rating_normalized": 0.3607074047523007,
        "ghg_emissions_int_log_building_age_log": 0.23179174350652598,
        "ghg_emissions_int_log_floor_area_squared": 0.13095706433075005,
        "ghg_emissions_int_log_building_age_squared": 0.23194462475658906,
        "ghg_emissions_int_log_energy_star_rating_squared": 0.3233038891309574,
        "ghg_emissions_int_log_ghg_per_area": 0.18054651777428177,
        "ghg_emissions_int_log_age_energy_star_interaction": 0.255216902720135,
        "ghg_emissions_int_log_area_energy_star_interaction": 0.13894331850758768,
        "ghg_emissions_int_log_age_ghg_interaction": 1.4942466842652244,
        "floor_area_log_electric_eui": 0.2144685764025276,
        "floor_area_log_fuel_eui": 0.31406238608383585,
        "floor_area_log_energy_star_rating_normalized": 0.3315168682695795,
        "floor_area_log_energy_mix": 0.1789887918002524,
        "floor_area_log_building_age_log": 3.803631086374221,
        "floor_area_log_floor_area_squared": 6.845193867719839,
        "floor_area_log_energy_intensity_ratio": 1.3765996548951938,
        "floor_area_log_building_age_squared": 3.80263505428817,
        "floor_area_log_energy_star_rating_squared": 0.29445623289229683,
        "floor_area_log_ghg_per_area": 1.241248031492277,
        "floor_area_log_age_energy_star_interaction": 0.40475832821042435,
        "floor_area_log_area_energy_star_interaction": 0.6933731150884999,
        "floor_area_log_age_ghg_interaction": 0.11215181579667632,
        "electric_eui_energy_star_rating_normalized": 0.34719247163601086,
        "electric_eui_energy_mix": 0.5133238600550891,
        "electric_eui_building_age_log": 0.2895698930399728,
        "electric_eui_floor_area_squared": 0.22894443610444082,
        "electric_eui_building_age_squared": 0.29004990530790753,
        "electric_eui_energy_star_rating_squared": 0.31897189676980897,
        "electric_eui_age_energy_star_interaction": 0.291510917843282,
        "electric_eui_area_energy_star_interaction": 0.1352511053259322,
        "electric_eui_age_ghg_interaction": 0.31874538316554446,
        "fuel_eui_energy_star_rating_normalized": 0.16064828318440671,
        "fuel_eui_energy_mix": 0.5433951705431426,
        "fuel_eui_building_age_log": 0.26132914624118087,
        "fuel_eui_floor_area_squared": 0.32160466465001925,
        "fuel_eui_energy_intensity_ratio": 0.10022694531645371,
        "fuel_eui_building_age_squared": 0.2598794398178441,
        "fuel_eui_energy_star_rating_squared": 0.11852158155203707,
        "fuel_eui_age_ghg_interaction": 0.1907400865758282,
        "energy_star_rating_normalized_building_age_log": 0.20011811826040127,
        "energy_star_rating_normalized_floor_area_squared": 0.2585677435420921,
        "energy_star_rating_normalized_energy_intensity_ratio": 0.13088388788474958,
        "energy_star_rating_normalized_building_age_squared": 0.185929387218156,
        "energy_star_rating_normalized_energy_star_rating_squared": 4.196827615249827,
        "energy_star_rating_normalized_ghg_per_area": 0.12408215678080747,
        "energy_star_rating_normalized_age_energy_star_interaction": 2.5058210321578485,
        "energy_star_rating_normalized_area_energy_star_interaction": 1.6109880020127014,
        "energy_star_rating_normalized_age_ghg_interaction": 0.19923434202152634,
        "energy_mix_building_age_log": 0.19990586032044266,
        "energy_mix_floor_area_squared": 0.2042781582608253,
        "energy_mix_building_age_squared": 0.19822949849788518,
        "building_age_log_floor_area_squared": 3.809953319200357,
        "building_age_log_energy_intensity_ratio": 0.4747921340317127,
        "building_age_log_building_age_squared": 4.212555932201566,
        "building_age_log_energy_star_rating_squared": 0.14467493702921885,
        "building_age_log_ghg_per_area": 0.41920060455290553,
        "building_age_log_age_energy_star_interaction": 1.4784199410510257,
        "building_age_log_area_energy_star_interaction": 0.27276453226648734,
        "building_age_log_age_ghg_interaction": 0.22648853725503226,
        "floor_area_squared_energy_intensity_ratio": 1.375674860816681,
        "floor_area_squared_building_age_squared": 3.8039635652572494,
        "floor_area_squared_energy_star_rating_squared": 0.2942908722453845,
        "floor_area_squared_ghg_per_area": 1.2422296898271803,
        "floor_area_squared_age_energy_star_interaction": 0.4044547039242019,
        "floor_area_squared_area_energy_star_interaction": 0.695623466264939,
        "floor_area_squared_age_ghg_interaction": 0.11193769260105046,
        "energy_intensity_ratio_building_age_squared": 0.5341491960696434,
        "energy_intensity_ratio_energy_star_rating_squared": 0.16838911790653555,
        "energy_intensity_ratio_ghg_per_area": 2.3440861638247124,
        "energy_intensity_ratio_age_energy_star_interaction": 0.13546086467194574,
        "energy_intensity_ratio_area_energy_star_interaction": 0.28831674731600554,
        "energy_intensity_ratio_age_ghg_interaction": 0.10733238044855042,
        "building_age_squared_energy_star_rating_squared": 0.1467173830445656,
        "building_age_squared_ghg_per_area": 0.41894486157962163,