{
    "feature_importance": {
        "ghg_emissions_int_log": 0.002879800367128989,
        "floor_area_log": 0.6631264756255112,
        "electric_eui": 0.0022250450864066446,
        "fuel_eui": 0.0022777901527863196,
        "energy_star_rating_normalized": 0.0007447834252875135,
        "energy_mix": 0.0005724072399137926,
        "building_age_log": 0.002853349526050483,
        "floor_area_squared": 0.18851499924949527,
        "energy_intensity_ratio": 0.014778612304914458,
        "building_age_squared": 0.05265979225323782,
        "energy_star_rating_squared": 0.012401284728045855,
        "ghg_per_area": 0.01557170052456899,
        "age_energy_star_interaction": 0.013807878009305104,
        "area_energy_star_interaction": 0.013554034133698916,
        "age_ghg_interaction": 0.014032047373648758
    },
    "feature_importance_std": {
        "ghg_emissions_int_log": 2.168404344971009e-18,
        "floor_area_log": 1.1102230246251565e-16,
        "electric_eui": 2.168404344971009e-18,
        "fuel_eui": 4.7704895589362195e-18,
        "energy_star_rating_normalized": 7.589415207398531e-19,
        "energy_mix": 1.0842021724855044e-18,
        "building_age_log": 2.6020852139652106e-18,
        "floor_area_squared": 2.7755575615628914e-17,
        "energy_intensity_ratio": 3.122502256758253e-17,
        "building_age_squared": 3.469446951953614e-17,
        "energy_star_rating_squared": 6.938893903907228e-18,
        "ghg_per_area": 1.734723475976807e-17,
        "age_energy_star_interaction": 1.734723475976807e-18,
        "area_energy_star_interaction": 1.5612511283791264e-17,
        "age_ghg_interaction": 6.938893903907228e-18
    },
    "target_correlations": {
        "ghg_emissions_int_log": 0.9389433883352163,
        "floor_area_log": 0.1835703020939087,
        "electric_eui": 0.6983235607878786,
        "fuel_eui": 0.6256201357383205,
        "energy_star_rating_normalized": -0.5150949545386211,
        "energy_mix": 0.21437659311228624,
        "building_age_log": -0.18122647000694683,
        "floor_area_squared": 0.1835699954781761,
        "energy_intensity_ratio": 0.24251462175185948,
        "building_age_squared": -0.1806112506387019,
        "energy_star_rating_squared": -0.5779048127501762,
        "ghg_per_area": 0.27828524793265663,
        "age_energy_star_interaction": -0.5354267951955604,
        "area_energy_star_interaction": -0.43498596017219754,
        "age_ghg_interaction": 0.7733968940140836
    },
    "interaction_strength": {
        "ghg_emissions_int_log_floor_area_log": 0.13119077722544858,
        "ghg_emissions_int_log_electric_eui": 0.5608964942995316,
        "ghg_emissions_int_log_fuel_eui": 0.23515256639423843,
        "ghg_emissions_int_log_energy_star_rating_normalized": 0.3598508694364284,
        "ghg_emissions_int_log_building_age_log": 0.23147356983389145,
        "ghg_emissions_int_log_floor_area_squared": 0.13089732796322462,
        "ghg_emissions_int_log_building_age_squared": 0.23199563178130322,
        "ghg_emissions_int_log_energy_star_rating_squared": 0.32385269744877565,
        "ghg_emissions_int_log_ghg_per_area": 0.18030353680410904,
        "ghg_emissions_int_log_age_energy_star_interaction": 0.2554958446252371,
        "ghg_emissions_int_log_area_energy_star_interaction": 0.13883262689542608,
        "ghg_emissions_int_log_age_ghg_interaction": 1.4939648305514535,
        "floor_area_log_electric_eui": 0.21505717711378303,
        "floor_area_log_fuel_eui": 0.3141090499584731,
        "floor_area_log_energy_star_rating_normalized": 0.3320722156735201,
        "floor_area_log_energy_mix": 0.17896526917232158,
        "floor_area_log_building_age_log": 3.8026260427730083,
        "floor_area_log_floor_area_squared": 6.845236729148839,
        "floor_area_log_energy_intensity_ratio": 1.3767459514945806,
        "floor_area_log_building_age_squared": 3.801184809132727,
        "floor_area_log_energy_star_rating_squared": 0.29550260674854467,
        "floor_area_log_ghg_per_area": 1.2413847199033885,
        "floor_area_log_age_energy_star_interaction": 0.40409237302362566,
        "floor_area_log_area_energy_star_interaction": 0.6957413682310687,
        "floor_area_log_age_ghg_interaction": 0.11207817568988343,
        "electric_eui_energy_star_rating_normalized": 0.3499420697239124,
        "electric_eui_energy_mix": 0.513938636600427,
        "electric_eui_building_age_log": 0.2912534430216658,
        "electric_eui_floor_area_squared": 0.22872845195064517,
        "electric_eui_building_age_squared": 0.2892513929630107,
        "electric_eui_energy_star_rating_squared": 0.31763585461366795,
        "electric_eui_age_energy_star_interaction": 0.2914354116621656,
        "electric_eui_area_energy_star_interaction": 0.1356187985054742,
        "electric_eui_age_ghg_interaction": 0.3193589437217419,
        "fuel_eui_energy_star_rating_normalized": 0.16629521952357695,
        "fuel_eui_energy_mix": 0.5460334451628617,
        "fuel_eui_building_age_log": 0.25665151252446705,
        "fuel_eui_floor_area_squared": 0.31834825756000207,
        "fuel_eui_energy_intensity_ratio": 0.1000137346638148,
        "fuel_eui_building_age_squared": 0.2644591047081466,
        "fuel_eui_energy_star_rating_squared": 0.11166181328858293,
        "fuel_eui_age_ghg_interaction": 0.18986487632447346,
        "energy_star_rating_normalized_building_age_log": 0.18824437238687075,
        "energy_star_rating_normalized_floor_area_squared": 0.26437634589553216,
        "energy_star_rating_normalized_energy_intensity_ratio": 0.1293623416786458,
        "energy_star_rating_normalized_building_age_squared": 0.19710454726032545,
        "energy_star_rating_normalized_energy_star_rating_squared": 4.197567697485614,
        "energy_star_rating_normalized_ghg_per_area": 0.12315072486665901,
        "energy_star_rating_normalized_age_energy_star_interaction": 2.4925044591522627,
        "energy_star_rating_normalized_area_energy_star_interaction": 1.6061204617492795,
        "energy_star_rating_normalized_age_ghg_interaction": 0.20082892870890134,
        "energy_mix_building_age_log": 0.19835931037244858,
        "energy_mix_floor_area_squared": 0.20455182765673374,
        "energy_mix_building_age_squared": 0.19770664625893986,
        "building_age_log_floor_area_squared": 3.787699024589924,
        "building_age_log_energy_intensity_ratio": 0.4768754731363396,
        "building_age_log_building_age_squared": 4.212491640058065,
        "building_age_log_energy_star_rating_squared": 0.14259397098455384,
        "building_age_log_ghg_per_area": 0.4188954890711827,
        "building_age_log_age_energy_star_interaction": 1.476742710269979,
        "building_age_log_area_energy_star_interaction": 0.2709569626002324,
        "building_age_log_age_ghg_interaction": 0.22776388468689834,
        "floor_area_squared_energy_intensity_ratio": 1.3765611199174614,
        "floor_area_squared_building_age_squared": 3.801128537003925,
        "floor_area_squared_energy_star_rating_squared": 0.29466685620286803,
        "floor_area_squared_ghg_per_area": 1.2410750093705296,
        "floor_area_squared_age_energy_star_interaction": 0.4025300200090838,
        "floor_area_squared_area_energy_star_interaction": 0.6974163989480049,
        "floor_area_squared_age_ghg_interaction": 0.11207346198509693,
        "energy_intensity_ratio_building_age_squared": 0.5341672856616606,
        "energy_intensity_ratio_energy_star_rating_squared": 0.16847998735763348,
        "energy_intensity_ratio_ghg_per_area": 2.344088106885914,
        "energy_intensity_ratio_age_energy_star_interaction": 0.13495793980670534,
        "energy_intensity_ratio_area_energy_star_interaction": 0.28850584840951754,
        "energy_intensity_ratio_age_ghg_interaction": 0.1073346226219698,
        "building_age_squared_energy_star_rating_squared": 0.15092857928481962,
        "building_age_squared_ghg_per_area": 0.41767688900922373,