{
    "feature_importance": {
        "ghg_emissions_int_log": 0.0028798030290676994,
        "floor_area_log": 0.6631263687449799,
        "electric_eui": 0.002225047168297305,
        "fuel_eui": 0.0022777922573978524,
        "energy_star_rating_normalized": 0.0007447841137909326,
        "energy_mix": 0.000572407775206254,
        "building_age_log": 0.0028533521743607728,
        "floor_area_squared": 0.18851496871466325,
        "energy_intensity_ratio": 0.014778625963314267,
        "building_age_squared": 0.05265984113635606,
        "energy_star_rating_squared": 0.01240129619270873,
        "ghg_per_area": 0.015571714919524911,
        "age_energy_star_interaction": 0.013807890790328417,
        "area_energy_star_interaction": 0.013554046676350087,
        "age_ghg_interaction": 0.014032060343653655
    },
    "feature_importance_std": {
        "ghg_emissions_int_log": 2.168404344971009e-18,
        "floor_area_log": 1.5543122344752192e-15,
        "electric_eui": 2.6020852139652106e-18,
        "fuel_eui": 8.673617379884035e-19,
        "energy_star_rating_normalized": 6.505213034913027e-19,
        "energy_mix": 1.4094628242311558e-18,
        "building_age_log": 4.7704895589362195e-18,
        "floor_area_squared": 3.0531133177191805e-16,
        "energy_intensity_ratio": 1.0408340855860843e-17,
        "building_age_squared": 3.469446951953614e-17,
        "energy_star_rating_squared": 1.9081958235744878e-17,
        "ghg_per_area": 1.734723475976807e-18,
        "age_energy_star_interaction": 1.9081958235744878e-17,
        "area_energy_star_interaction": 1.734723475976807e-17,
        "age_ghg_interaction": 1.3877787807814457e-17
    },
    "target_correlations": {
        "ghg_emissions_int_log": 0.9389433883352163,
        "floor_area_log": 0.1835703020939087,
        "electric_eui": 0.6983235607878786,
        "fuel_eui": 0.6256201357383205,
        "energy_star_rating_normalized": -0.5150949545386211,
        "energy_mix": 0.21437659311228624,
        "building_age_log": -0.18122647000694683,
        "floor_area_squared": 0.1835699954781761,
        "energy_intensity_ratio": 0.24251462175185948,
        "building_age_squared": -0.1806112506387019,
        "energy_star_rating_squared": -0.5779048127501762,
        "ghg_per_area": 0.27828524793265663,
        "age_energy_star_interaction": -0.5354267951955604,
        "area_energy_star_interaction": -0.43498596017219754,
        "age_ghg_interaction": 0.7733968940140836
    },
    "interaction_strength": {
        "ghg_emissions_int_log_floor_area_log": 0.1311408194630701,
        "ghg_emissions_int_log_electric_eui": 0.5610186794507532,
        "ghg_emissions_int_log_fuel_eui": 0.23530138892033836,
        "ghg_emissions_int_log_energy_star_rating_normalized": 0.36078171877342147,
        "ghg_emissions_int_log_building_age_log": 0.23156946571131254,
        "ghg_emissions_int_log_floor_area_squared": 0.1310974466120376,
        "ghg_emissions_int_log_building_age_squared": 0.23228680965798,
        "ghg_emissions_int_log_energy_star_rating_squared": 0.3238210724285233,
        "ghg_emissions_int_log_ghg_per_area": 0.18031419111291846,
        "ghg_emissions_int_log_age_energy_star_interaction": 0.2552802817312907,
        "ghg_emissions_int_log_area_energy_star_interaction": 0.1388579276880746,
        "ghg_emissions_int_log_age_ghg_interaction": 1.494232102280094,
        "floor_area_log_electric_eui": 0.2159704836870846,
        "floor_area_log_fuel_eui": 0.3152326819185438,
        "floor_area_log_energy_star_rating_normalized": 0.3293109777735319,
        "floor_area_log_energy_mix": 0.17882455089988714,
        "floor_area_log_building_age_log": 3.8024861819239657,
        "floor_area_log_floor_area_squared": 6.845236729148839,
        "floor_area_log_energy_intensity_ratio": 1.3772545500303037,
        "floor_area_log_building_age_squared": 3.800528842892006,
        "floor_area_log_energy_star_rating_squared": 0.29457137736841954,
        "floor_area_log_ghg_per_area": 1.2412761127646261,
        "floor_area_log_age_energy_star_interaction": 0.40443383929139465,
        "floor_area_log_area_energy_star_interaction": 0.6937654901326775,
        "floor_area_log_age_ghg_interaction": 0.111990002325288,
        "electric_eui_energy_star_rating_normalized": 0.34771376498737716,
        "electric_eui_energy_mix": 0.5125508298360373,
        "electric_eui_building_age_log": 0.290360846683817,
        "electric_eui_floor_area_squared": 0.22932938369755185,
        "electric_eui_building_age_squared": 0.2898037677689045,
        "electric_eui_energy_star_rating_squared": 0.3187049291033839,
        "electric_eui_age_energy_star_interaction": 0.2910876470797428,
        "electric_eui_area_energy_star_interaction": 0.13579819797339,
        "electric_eui_age_ghg_interaction": 0.3194344791761443,
        "fuel_eui_energy_star_rating_normalized": 0.15883676074348418,
        "fuel_eui_energy_mix": 0.543135452230076,
        "fuel_eui_building_age_log": 0.2705917446709112,
        "fuel_eui_floor_area_squared": 0.3150094947314859,
        "fuel_eui_energy_intensity_ratio": 0.10025216589400543,
        "fuel_eui_building_age_squared": 0.26226843717468906,
        "fuel_eui_energy_star_rating_squared": 0.11154303668623555,
        "fuel_eui_age_ghg_interaction": 0.19061226226312122,
        "energy_star_rating_normalized_building_age_log": 0.1916805091930689,
        "energy_star_rating_normalized_floor_area_squared": 0.25985466012984837,
        "energy_star_rating_normalized_energy_intensity_ratio": 0.130901520830089,
        "energy_star_rating_normalized_building_age_squared": 0.19618881420312206,
        "energy_star_rating_normalized_energy_star_rating_squared": 4.198973562108126,
        "energy_star_rating_normalized_ghg_per_area": 0.12472554063681418,
        "energy_star_rating_normalized_age_energy_star_interaction": 2.4963570594795077,
        "energy_star_rating_normalized_area_energy_star_interaction": 1.6061838078514783,
        "energy_star_rating_normalized_age_ghg_interaction": 0.1995170547676457,
        "energy_mix_building_age_log": 0.19709851064341422,
        "energy_mix_floor_area_squared": 0.20474947457140935,
        "energy_mix_building_age_squared": 0.19831972250268048,
        "building_age_log_floor_area_squared": 3.79274841671653,
        "building_age_log_energy_intensity_ratio": 0.4767908743641174,
        "building_age_log_building_age_squared": 4.212555932201566,
        "building_age_log_energy_star_rating_squared": 0.14670586981329414,
        "building_age_log_ghg_per_area": 0.4187810261018976,
        "building_age_log_age_energy_star_interaction": 1.4728368728201318,
        "building_age_log_area_energy_star_interaction": 0.2677102903764288,
        "building_age_log_age_ghg_interaction": 0.227482990192164,
        "floor_area_squared_energy_intensity_ratio": 1.3764565988557482,
        "floor_area_squared_building_age_squared": 3.802794596101198,
        "floor_area_squared_energy_star_rating_squared": 0.29417995393810514,
        "floor_area_squared_ghg_per_area": 1.2417164362027595,
        "floor_area_squared_age_energy_star_interaction": 0.4041574121123217,
        "floor_area_squared_area_energy_star_interaction": 0.694958240172701,
        "floor_area_squared_age_ghg_interaction": 0.11228284169132241,
        "energy_intensity_ratio_building_age_squared": 0.5341491960696434,
        "energy_intensity_ratio_energy_star_rating_squared": 0.16849695229967576,
        "energy_intensity_ratio_ghg_per_area": 2.3440862854080806,
        "energy_intensity_ratio_age_energy_star_interaction": 0.13509442730099064,
        "energy_intensity_ratio_area_energy_star_interaction": 0.2884024125690372,
        "energy_intensity_ratio_age_ghg_interaction": 0.10732914624683243,
        "building_age_squared_energy_star_rating_squared": 0.14127645394413513,
        "building_age_squared_ghg_per_area": 0.41797983959454754,