{
    "fold": 3.0,
    "rmse": 6.240343696484515,
    "mae": 3.9225212388747877,
    "r2": 0.9455303870106787,
    "mean_std": 0.20799241792744644
}