{
    "fold": 3.0,
    "rmse": 6.240343696139917,
    "mae": 3.922521237491216,
    "r2": 0.9455303870160916,
    "mean_std": 0.20799241120203296
}