{
    "fold": 3.0,
    "rmse": 6.2403436977681,
    "mae": 3.922521238415763,
    "r2": 0.9455303869884906,
    "mean_std": 0.20799241103519162
}