{
    "fold": 3.0,
    "rmse": 6.240343695973932,
    "mae": 3.9225212392211803,
    "r2": 0.9455303870200344,
    "mean_std": 0.20799241122248083
}