floor_area,ghg_emissions_int,fuel_eui,electric_eui
5.233780015259981155e-03
2.232295460999011993e-02
8.827854879200458527e-03
7.224737666547298431e-03
