{
    "best_method": "ensemble",
    "best_crps": -2.84186677290924,
    "method_results": {
        "isotonic": {
            "metrics": {
                "original_picp": {
                    "0.5": 0.02442159383033419,
                    "0.8": 0.05398457583547558,
                    "0.9": 0.06555269922879177,
                    "0.95": 0.08097686375321336,
                    "0.99": 0.10411311053984576
                },
                "calibrated_picp": {
                    "0.5": 0.0,
                    "0.8": 0.0,
                    "0.9": 0.0,
                    "0.95": 0.0,
                    "0.99": 0.0
                },
                "original_crps": 4.2460039257916025,
                "calibrated_crps": 4.141007266305038
            }
        },
        "temperature": {
            "metrics": {
                "original_picp": {
                    "0.5": 0.02442159383033419,
                    "0.8": 0.05398457583547558,
                    "0.9": 0.06555269922879177,
                    "0.95": 0.08097686375321336,
                    "0.99": 0.10411311053984576
                },
                "calibrated_picp": {
                    "0.5": 0.6587403598971723,
                    "0.8": 0.872107969151671,
                    "0.9": 0.9222365038560412,
                    "0.95": 0.949228791773779,
                    "0.99": 0.9710796915167095
                },
                "original_crps": 4.2460039257916025,
                "calibrated_crps": 2.437755071142309
            }
        },
        "ensemble": {
            "metrics": {
                "original_picp": {
                    "0.5": 0.02442159383033419,
                    "0.8": 0.05398457583547558,
                    "0.9": 0.06555269922879177,
                    "0.95": 0.08097686375321336,
                    "0.99": 0.10411311053984576
                },
                "calibrated_picp": {
                    "0.5": 0.9370179948586118,
                    "0.8": 0.9832904884318766,
                    "0.9": 0.9890745501285347,
                    "0.95": 0.9929305912596401,
                    "0.99": 0.9961439588688946
                },
                "original_crps": 4.2460039257916025,
                "calibrated_crps": -2.84186677290924
            }
        },
        "quantile": {
            "metrics": {
                "original_picp": {
                    "0.5": 0.02442159383033419,
                    "0.8": 0.05398457583547558,
                    "0.9": 0.06555269922879177,
                    "0.95": 0.08097686375321336,
                    "0.99": 0.10411311053984576
                },
                "calibrated_picp": {
                    "0.5": 0.31683804627249357,
                    "0.8": 0.5642673521850899,
                    "0.9": 0.6754498714652957,
                    "0.95": 0.7358611825192802,
                    "0.99": 0.8367609254498715
                },
                "original_crps": 4.2460039257916025,
                "calibrated_crps": 4.0450861995397975
            }
        }
    }
}