{
    "rmse": 0.2958415448665619,
    "mae": 0.20439273118972778,
    "r2": 0.9117144793272018,
    "mean_std": 0.07059449702501297
}