{
    "xgb": {
        "fold": 3.0,
        "rmse": 3.9552028509693367,
        "mae": 2.4935488224029543,
        "r2": 0.9780798077583313
    },
    "rf": {
        "fold": 3.0,
        "rmse": 4.988970015296436,
        "mae": 3.3181892955910586,
        "r2": 0.9652241586084724
    }
}