floor_area,ghg_emissions_int,fuel_eui,electric_eui
2.505682350602000952e-04
1.545188599266111851e-03
9.366602171212434769e-04
8.129332563839852810e-04
