y_true,pred_mean,ci50_low,ci50_high,ci80_low,ci80_high,ci90_low,ci90_high,ci95_low,ci95_high
132.5,77.22769938933712,73.25850895807892,81.64158654478786,68.92721701654203,85.34341923740888,66.32690204217089,88.10846131543302,63.54863118158818,90.27711037929794
79.88115,75.37679028514047,70.7566916157376,80.15674556569374,66.9714728863684,84.21679475614201,64.60591627285088,86.25289863949892,62.352395885067445,88.15877339300368
