y_true,pred_mean,ci50_low,ci50_high,ci80_low,ci80_high,ci90_low,ci90_high,ci95_low,ci95_high
132.5,36.30783615824205,-225.15272190330677,-69.96996003125861,-334.4338157951912,508.2429640773022,-509.84262754221646,1996.8476427176886,-736.9635973182833,2804.2591767205668
79.88115,50.6694552970827,-211.51070691656625,-52.694570739264925,-318.4196759896755,529.1984029789022,-496.6190909620461,2011.2543472742839,-721.1891853815259,2823.054632313701
