{
    "r2": 0.9390555749405016,
    "rmse": 6.612363205837966,
    "mae": 4.055021837622415,
    "crps": 3.238531651483918,
    "picp_50": 0.7226436929407226,
    "picp_80": 0.8876173331618876,
    "picp_90": 0.9304359007329305,
    "picp_95": 0.9503664652179503,
    "picp_99": 0.9714542882859715
}