{
    "energy_only": {
        "cv_r2_mean": 0.9345346570014954,
        "cv_r2_std": 0.022623094869943107,
        "n_features": 8
    },
    "building_only": {
        "cv_r2_mean": -0.022240376472473143,
        "cv_r2_std": 0.07460415721611653,
        "n_features": 3
    },
    "interaction_only": {
        "cv_r2_mean": -0.042036914825439455,
        "cv_r2_std": 0.07811442363530188,
        "n_features": 1
    },
    "energy_building": {
        "cv_r2_mean": 0.9350299000740051,
        "cv_r2_std": 0.022669007103339977,
        "n_features": 11
    },
    "data_size": {
        "0.10": {
            "cv_r2_mean": 0.9463436484336853,
            "cv_r2_std": 0.011896694200894967,
            "n_samples": 777
        },
        "0.25": {
            "cv_r2_mean": 0.9414180874824524,
            "cv_r2_std": 0.00797122708106614,
            "n_samples": 1944
        },
        "0.50": {
            "cv_r2_mean": 0.9422569036483764,
            "cv_r2_std": 0.01163860883523804,
            "n_samples": 3888
        },
        "0.75": {
            "cv_r2_mean": 0.9370847105979919,
            "cv_r2_std": 0.006791513572613378,
            "n_samples": 5832
        },
        "1.00": {
            "cv_r2_mean": 0.938857090473175,
            "cv_r2_std": 0.003409580707265597,
            "n_samples": 7777
        }
    }
}