{
    "feature_importance": {
        "ghg_emissions_int_log": 0.00011613916193122466,
        "floor_area_log": 5.032845901059732e-05,
        "electric_eui": 0.0002128654610537413,
        "fuel_eui": 0.0008491002968163651,
        "energy_star_rating_normalized": 0.026428122762127977,
        "energy_mix": 0.017009908736477262,
        "building_age_log": 0.007470100103331416,
        "floor_area_squared": 0.0180605017061913,
        "energy_intensity_ratio": 0.10213400949489015,
        "building_age_squared": 0.18057934838745937,
        "energy_star_rating_squared": 0.06340831799435133,
        "ghg_per_area": 0.10240445678692994,
        "age_energy_star_interaction": 0.07044318778849232,
        "area_energy_star_interaction": 0.0510028585658181,
        "age_ghg_interaction": 0.35982924606402317
    },
    "feature_importance_std": {
        "ghg_emissions_int_log": 1.0175202046361798e-06,
        "floor_area_log": 9.7696588774575e-07,
        "electric_eui": 8.058848465244993e-07,
        "fuel_eui": 1.027415357561971e-06,
        "energy_star_rating_normalized": 9.517096740738121e-07,
        "energy_mix": 1.0177394159295894e-06,
        "building_age_log": 1.0018595931644916e-06,
        "floor_area_squared": 9.699915497952767e-07,
        "energy_intensity_ratio": 9.995430688229468e-07,
        "building_age_squared": 9.082633857384564e-07,
        "energy_star_rating_squared": 1.0463998242727087e-06,
        "ghg_per_area": 9.963825869891482e-07,
        "age_energy_star_interaction": 1.0248036956651617e-06,
        "area_energy_star_interaction": 9.281963620187791e-07,
        "age_ghg_interaction": 1.0652920917590402e-06
    },
    "target_correlations": {
        "ghg_emissions_int_log": 0.9389433883352163,
        "floor_area_log": 0.1835703020939087,
        "electric_eui": 0.6983235607878786,
        "fuel_eui": 0.6256201357383205,
        "energy_star_rating_normalized": -0.5150949545386211,
        "energy_mix": 0.21437659311228624,
        "building_age_log": -0.18122647000694683,
        "floor_area_squared": 0.1835699954781761,
        "energy_intensity_ratio": 0.24251462175185948,
        "building_age_squared": -0.1806112506387019,
        "energy_star_rating_squared": -0.5779048127501762,
        "ghg_per_area": 0.27828524793265663,
        "age_energy_star_interaction": -0.5354267951955604,
        "area_energy_star_interaction": -0.43498596017219754,
        "age_ghg_interaction": 0.7733968940140836
    },
    "interaction_strength": {
        "ghg_emissions_int_log_floor_area_log": 0.13107841306771117,
        "ghg_emissions_int_log_electric_eui": 0.5608500572394259,
        "ghg_emissions_int_log_fuel_eui": 0.23520407240984653,
        "ghg_emissions_int_log_energy_star_rating_normalized": 0.36001579148926055,
        "ghg_emissions_int_log_building_age_log": 0.232440813889224,
        "ghg_emissions_int_log_floor_area_squared": 0.13103365687075463,
        "ghg_emissions_int_log_building_age_squared": 0.23177015490210362,
        "ghg_emissions_int_log_energy_star_rating_squared": 0.3240893233338067,
        "ghg_emissions_int_log_ghg_per_area": 0.18042935994819675,
        "ghg_emissions_int_log_age_energy_star_interaction": 0.2551314065259458,
        "ghg_emissions_int_log_area_energy_star_interaction": 0.13917927893348914,
        "ghg_emissions_int_log_age_ghg_interaction": 1.4943652655257509,
        "floor_area_log_electric_eui": 0.21571017262459602,
        "floor_area_log_fuel_eui": 0.3170687717920524,
        "floor_area_log_energy_star_rating_normalized": 0.3323638409034828,
        "floor_area_log_energy_mix": 0.1795091093647141,
        "floor_area_log_building_age_log": 3.8012594743160673,
        "floor_area_log_floor_area_squared": 6.845314032797571,
        "floor_area_log_energy_intensity_ratio": 1.3768403645853757,
        "floor_area_log_building_age_squared": 3.800363169204693,
        "floor_area_log_energy_star_rating_squared": 0.29687060420201217,
        "floor_area_log_ghg_per_area": 1.2423380305523484,
        "floor_area_log_age_energy_star_interaction": 0.4032288874219274,
        "floor_area_log_area_energy_star_interaction": 0.6947538216762839,
        "floor_area_log_age_ghg_interaction": 0.11175910416383061,
        "electric_eui_energy_star_rating_normalized": 0.34803394309110924,
        "electric_eui_energy_mix": 0.5142333985204015,
        "electric_eui_building_age_log": 0.2930944929364241,
        "electric_eui_floor_area_squared": 0.2288741325386594,
        "electric_eui_building_age_squared": 0.28874000087845353,
        "electric_eui_energy_star_rating_squared": 0.3195103351559716,
        "electric_eui_age_energy_star_interaction": 0.2906442887769778,
        "electric_eui_area_energy_star_interaction": 0.13533822836473508,
        "electric_eui_age_ghg_interaction": 0.3183260549881437,
        "fuel_eui_energy_star_rating_normalized": 0.153489565559922,
        "fuel_eui_energy_mix": 0.5464109652774436,
        "fuel_eui_building_age_log": 0.26085842625349276,
        "fuel_eui_floor_area_squared": 0.31625883941829436,
        "fuel_eui_energy_intensity_ratio": 0.10206949621012207,
        "fuel_eui_building_age_squared": 0.2605886569342877,
        "fuel_eui_energy_star_rating_squared": 0.11651693854494205,
        "fuel_eui_age_ghg_interaction": 0.1902141813339462,
        "energy_star_rating_normalized_building_age_log": 0.19530147105491125,
        "energy_star_rating_normalized_floor_area_squared": 0.2620806384810308,
        "energy_star_rating_normalized_energy_intensity_ratio": 0.1300927271671224,
        "energy_star_rating_normalized_building_age_squared": 0.18338720770740213,
        "energy_star_rating_normalized_energy_star_rating_squared": 4.196713091585644,
        "energy_star_rating_normalized_ghg_per_area": 0.12246394224929524,
        "energy_star_rating_normalized_age_energy_star_interaction": 2.497286487319463,
        "energy_star_rating_normalized_area_energy_star_interaction": 1.6065267814453241,
        "energy_star_rating_normalized_age_ghg_interaction": 0.20140494459052416,
        "energy_mix_building_age_log": 0.19903085535359288,
        "energy_mix_floor_area_squared": 0.20471170398882688,
        "energy_mix_building_age_squared": 0.19789922019315753,
        "building_age_log_floor_area_squared": 3.803953422591345,
        "building_age_log_energy_intensity_ratio": 0.47465565560825773,
        "building_age_log_building_age_squared": 4.212491640058065,
        "building_age_log_energy_star_rating_squared": 0.14321600107275767,
        "building_age_log_ghg_per_area": 0.4174288254859251,
        "building_age_log_age_energy_star_interaction": 1.4639542771428946,
        "building_age_log_area_energy_star_interaction": 0.2710946139422976,
        "building_age_log_age_ghg_interaction": 0.22885720050860492,
        "floor_area_squared_energy_intensity_ratio": 1.3764273021871078,
        "floor_area_squared_building_age_squared": 3.805291225762237,
        "floor_area_squared_energy_star_rating_squared": 0.29350899459570634,
        "floor_area_squared_ghg_per_area": 1.2418868193020556,
        "floor_area_squared_age_energy_star_interaction": 0.4043115370893364,
        "floor_area_squared_area_energy_star_interaction": 0.6973443707487599,
        "floor_area_squared_age_ghg_interaction": 0.11190268124889347,
        "energy_intensity_ratio_building_age_squared": 0.5341509574982322,
        "energy_intensity_ratio_energy_star_rating_squared": 0.1685168879527108,
        "energy_intensity_ratio_ghg_per_area": 2.34408449437467,
        "energy_intensity_ratio_age_energy_star_interaction": 0.13481556270091932,
        "energy_intensity_ratio_area_energy_star_interaction": 0.28843630384061036,
        "energy_intensity_ratio_age_ghg_interaction": 0.10733202826326949,
        "building_age_squared_energy_star_rating_squared": 0.14395339182648037,
        "building_age_squared_ghg_per_area": 0.4172905735356167,