{
    "fold": 2.0,
    "rmse": 9.554255765314762,
    "mae": 7.398742935957803,
    "r2": 0.87264569819772,
    "mean_std": 8.132368121822749,
    "crps": 3.3325588750464292,
    "picp_50": 0.41931982117095884,
    "picp_80": 0.7920872850932948,
    "picp_90": 0.8895500449135771,
    "picp_95": 0.9318527227467429,
    "picp_99": 0.9684978074873948
}