{
    "rhat_max": 1.0308,
    "rhat_mean": 1.008457142857143,
    "ess_min": 335.7169,
    "ess_mean": 889.0792102040816,
    "n_eff": 43564
}