{
    "r2": 0.9391621205691829,
    "rmse": 6.6065806705131,
    "mae": 4.0514614612824005,
    "picp_90": 0.06442072778706442
}