{
    "correlations": {
        "ghg_emissions_int_log": 0.9389433883352163,
        "floor_area_log": 0.1835703020939087,
        "electric_eui": 0.6983235607878786,
        "fuel_eui": 0.6256201357383205,
        "energy_star_rating_normalized": -0.5150949545386211,
        "energy_mix": 0.21437659311228624,
        "building_age_log": -0.18122647000694683,
        "floor_area_squared": 0.1835699954781761,
        "energy_intensity_ratio": 0.24251462175185948,
        "building_age_squared": -0.1806112506387019,
        "energy_star_rating_squared": -0.5779048127501762,
        "ghg_per_area": 0.27828524793265663,
        "age_energy_star_interaction": -0.5354267951955604,
        "area_energy_star_interaction": -0.43498596017219754,
        "age_ghg_interaction": 0.7733968940140836
    },
    "variances": {
        "ghg_emissions_int_log": 0.1004738137125969,
        "floor_area_log": 1.144787073135376,
        "electric_eui": 352.7712097167969,
        "fuel_eui": 287.6976318359375,
        "energy_star_rating_normalized": 0.05060439184308052,
        "energy_mix": 0.0032142619602382183,
        "building_age_log": 0.18160876631736755,
        "floor_area_squared": 4.579209804534912,
        "energy_intensity_ratio": 4.86515375541785e-07,
        "building_age_squared": 0.7531718611717224,
        "energy_star_rating_squared": 0.06277785450220108,
        "ghg_per_area": 2.6140869469060135e-09,
        "age_energy_star_interaction": 1.1386650800704956,
        "area_energy_star_interaction": 8.013080596923828,
        "age_ghg_interaction": 2.3106281757354736
    },
    "skewness": {
        "ghg_emissions_int_log": -0.7996566891670227,
        "floor_area_log": 0.39135536551475525,
        "electric_eui": 0.7217828631401062,
        "fuel_eui": 0.8928165435791016,
        "energy_star_rating_normalized": -1.2481244802474976,
        "energy_mix": -2.3084683418273926,
        "building_age_log": -1.6057143211364746,
        "floor_area_squared": 0.3913476765155792,
        "energy_intensity_ratio": 2.0842010974884033,
        "building_age_squared": -1.6259046792984009,
        "energy_star_rating_squared": -0.2958846688270569,
        "ghg_per_area": 1.9646871089935303,
        "age_energy_star_interaction": -0.9573530554771423,
        "area_energy_star_interaction": -1.1305426359176636,
        "age_ghg_interaction": -0.5902120471000671
    },
    "kurtosis": {
        "ghg_emissions_int_log": 1.7567729949951172,
        "floor_area_log": -0.604466438293457,
        "electric_eui": 1.6206612586975098,
        "fuel_eui": 1.7426443099975586,
        "energy_star_rating_normalized": 1.2870888710021973,
        "energy_mix": 5.120232582092285,
        "building_age_log": 2.186957359313965,
        "floor_area_squared": -0.604468822479248,
        "energy_intensity_ratio": 5.546578407287598,
        "building_age_squared": 2.2804250717163086,
        "energy_star_rating_squared": -0.5983929634094238,
        "ghg_per_area": 4.882158279418945,
        "age_energy_star_interaction": 0.624967098236084,
        "area_energy_star_interaction": 0.97513747215271,
        "age_ghg_interaction": 1.2177085876464844
    },
    "mutual_info": {
        "ghg_emissions_int_log": 1.563018505047478,
        "floor_area_log": 0.10454747339312487,
        "electric_eui": 0.4749231899170221,
        "fuel_eui": 0.30215245530896073,
        "energy_star_rating_normalized": 0.3022555758396903,
        "energy_mix": 0.06492129227859245,
        "building_age_log": 0.1178888248145622,
        "floor_area_squared": 0.10482196080148398,
        "energy_intensity_ratio": 0.14418384843992715,
        "building_age_squared": 0.11596710355353057,
        "energy_star_rating_squared": 0.29868354748720094,
        "ghg_per_area": 0.11781806569348152,
        "age_energy_star_interaction": 0.29687272749575033,
        "area_energy_star_interaction": 0.1801123507324851,
        "age_ghg_interaction": 0.7857177937649782
    }
}