{
    "fold": 3.0,
    "rmse": 6.240958466682362,
    "mae": 3.919343527134891,
    "r2": 0.9455200952222544,
    "mean_std": 0.20799198512760747
}