{
    "fold": 3.0,
    "rmse": 6.241131108934679,
    "mae": 3.919642768986943,
    "r2": 0.9455167712298073,
    "mean_std": 0.20799841256144874
}