{
    "alpha": 33.6676681192566,
    "beta_mean": 16454.111118285316,
    "beta_min": 1e-10,
    "beta_max": 172635.26415849023,
    "weights_mean": 0.10072692168408807,
    "weights_min": -0.5710111114200228,
    "weights_max": 0.5955909098839466,
    "y_std_mean": 12.31393712839808,
    "y_std_min": 10.392074509083153,
    "y_std_max": 14.955799799383001
}