{
    "alpha": 33.66755925206373,
    "beta_mean": 17363.422048542077,
    "beta_min": 2.806901026193232,
    "beta_max": 168878.6553137271,
    "weights_mean": 0.10103203129388157,
    "weights_min": -0.5701709650744701,
    "weights_max": 0.5964406223973531,
    "y_std_mean": 14.32278424255298,
    "y_std_min": 5.449464573105374,
    "y_std_max": 31.97450271432689
}