{
    "alpha": 33.66720748460175,
    "beta_mean": 40741.35446293007,
    "beta_min": 1e-10,
    "beta_max": 464081.2550934857,
    "weights_mean": 0.10075199504159134,
    "weights_min": -0.5709758663764704,
    "weights_max": 0.5955558815847765,
    "y_std_mean": 93.87219929286555,
    "y_std_min": 78.4870864449,
    "y_std_max": 115.6228175881989
}