{
    "true_min": 4.779623508453369,
    "true_max": 154.21322631835938,
    "pred_scaled_min": -0.027284780791443697,
    "pred_scaled_max": 2.6233666172550665,
    "pred_unscaled_min": 77.81273091261654,
    "pred_unscaled_max": 274.1931141582695,
    "weights": [
        2.0555584967066114,
        -0.012825809327695142,
        -0.035454105649249196,
        -0.0014478744441280417,
        0.00912877458729397,
        0.023981362355775405,
        9.825637724683589e-06,
        -0.012825163093403258,
        0.0957474148482417,
        3.428759518124547e-05,
        0.0010591540781055807,
        -0.09836043019932528
    ]
}