{
    "true_min": 4.779623508453369,
    "true_max": 154.21322631835938,
    "pred_scaled_min": 1.519172355256464,
    "pred_scaled_max": 68.7072637392931,
    "pred_unscaled_min": 118.57792263783986,
    "pred_unscaled_max": 1918.202902002728,
    "weights": [
        0.5026999140128137,
        -0.008015700870456435,
        0.4033198034652131,
        0.4396869174838588,
        0.05491359928543781,
        -0.008454476315315923,
        -0.008207870441509377,
        -0.008020852286154885,
        -0.493788077502181,
        -0.011097748912662924,
        -0.1590162503737028,
        0.5088770169124117
    ]
}