{
    "true_min": 4.779623508453369,
    "true_max": 154.21322631835938,
    "pred_scaled_min": -26.6223087310791,
    "pred_scaled_max": 153.86892700195312,
    "pred_unscaled_min": -26.6223087310791,
    "pred_unscaled_max": 153.86892700195312,
    "weights": [
        44.716670989990234,
        -0.03606847673654556,
        0.3690294921398163,
        0.5744875073432922,
        -5.247957706451416,
        -18.337007522583008,
        -0.3692020773887634,
        -0.07139946520328522,
        0.004505427088588476,
        -0.6282878518104553,
        -2.9960219860076904,
        0.0026431516744196415
    ]
}