{
    "true_min": 4.779623508453369,
    "true_max": 154.21322631835938,
    "pred_scaled_min": -26.563003540039062,
    "pred_scaled_max": 153.79067993164062,
    "pred_unscaled_min": -26.563003540039062,
    "pred_unscaled_max": 153.79067993164062,
    "weights": [
        44.67847442626953,
        6.235368251800537,
        0.369552344083786,
        0.574920117855072,
        -5.212737083435059,
        -18.225723266601562,
        20.935565948486328,
        -3.196894884109497,
        5.9455037117004395,
        -11.080865859985352,
        -3.021641492843628,
        1.0738565921783447
    ]
}