prior,nll,coverage,group_NEW YORK
hierarchical_normal,8.155823,0.4443661971830986,26.335956573486328
hierarchical_student_t,3.6471236,0.5943661971830986,39.59598922729492
hierarchical_mixture,1.1912192,0.6535211267605634,43.232887268066406
