{
    "overall": {
        "rmse": 0.18042246997356415,
        "mae": 0.13481786847114563,
        "r2": 0.9671281091868877,
        "explained_variance": 0.967543501406908,
        "nll": 2.302001714706421,
        "coverage": 0.5894366197183099,
        "mean_interval_width": 0.2734898626804352,
        "calibration_error": 0.3607831385475976
    },
    "group_wise": {
        "group_0": {
            "rmse": 0.18042246997356415,
            "mae": 0.13481786847114563,
            "r2": 0.9671281091868877,
            "coverage": 0.5894366197183099,
            "mean_interval_width": 0.2734898626804352
        }
    },
    "feature_importance": {
        "floor_area": 0.3906559646129608,
        "ghg_emissions_int": 0.4290311932563782,
        "fuel_eui": 0.40507152676582336,
        "electric_eui": 0.5730079412460327,
        "energy_star_rating": 0.47301149368286133,
        "heating_fuel": 0.5116527676582336
    }
}