{
    "overall": {
        "rmse": 0.22865577042102814,
        "mae": 0.17450451850891113,
        "r2": 0.9472031816840172,
        "explained_variance": 0.9474755637347698,
        "nll": 1.8818246126174927,
        "coverage": 0.5507042253521127,
        "mean_interval_width": 0.3421024978160858,
        "calibration_error": 0.39961542303466185
    },
    "group_wise": {
        "group_0": {
            "rmse": 0.22865577042102814,
            "mae": 0.17450451850891113,
            "r2": 0.9472031816840172,
            "coverage": 0.5507042253521127,
            "mean_interval_width": 0.3421024978160858
        }
    },
    "feature_importance": {
        "floor_area": 0.500727117061615,
        "ghg_emissions_int": 0.43194109201431274,
        "fuel_eui": 0.0722733810544014,
        "electric_eui": 0.5056813955307007,
        "energy_star_rating": 0.5142162442207336,
        "heating_fuel": 0.18257007002830505
    }
}