{
    "feature_importance": {
        "ghg_emissions_int_log": 0.09252786751710741,
        "floor_area_log": 0.000565200119408552,
        "electric_eui": 0.04379610856231077,
        "fuel_eui": 0.04910012623294302,
        "energy_star_rating_normalized": 0.0748771605569002,
        "energy_mix": 0.0018268797607685178,
        "building_age_log": 0.2400882876100457,
        "floor_area_squared": 0.020821589776937006,
        "energy_intensity_ratio": 0.06026381399249679,
        "building_age_squared": 0.20413700932273607,
        "energy_star_rating_squared": 0.007475470632316924,
        "ghg_per_area": 0.07021081341082921,
        "age_energy_star_interaction": 0.04569730900019968,
        "area_energy_star_interaction": 0.03977823988167143,
        "age_ghg_interaction": 0.04883958335666236
    },
    "feature_importance_std": {
        "ghg_emissions_int_log": 9.783501007154725e-07,
        "floor_area_log": 1.0467048018681984e-06,
        "electric_eui": 9.126699207188256e-07,
        "fuel_eui": 9.509539274114821e-07,
        "energy_star_rating_normalized": 8.462314032367908e-07,
        "energy_mix": 8.277153061036329e-07,
        "building_age_log": 9.163225250424505e-07,
        "floor_area_squared": 9.998405033304782e-07,
        "energy_intensity_ratio": 9.80550762791235e-07,
        "building_age_squared": 9.345072696287554e-07,
        "energy_star_rating_squared": 1.0111311061275785e-06,
        "ghg_per_area": 1.0626587930664668e-06,
        "age_energy_star_interaction": 9.143817128409098e-07,
        "area_energy_star_interaction": 1.0213430872698435e-06,
        "age_ghg_interaction": 1.0110085870091813e-06
    },
    "target_correlations": {
        "ghg_emissions_int_log": 0.9389433883352163,
        "floor_area_log": 0.1835703020939087,
        "electric_eui": 0.6983235607878786,
        "fuel_eui": 0.6256201357383205,
        "energy_star_rating_normalized": -0.5150949545386211,
        "energy_mix": 0.21437659311228624,
        "building_age_log": -0.18122647000694683,
        "floor_area_squared": 0.1835699954781761,
        "energy_intensity_ratio": 0.24251462175185948,
        "building_age_squared": -0.1806112506387019,
        "energy_star_rating_squared": -0.5779048127501762,
        "ghg_per_area": 0.27828524793265663,
        "age_energy_star_interaction": -0.5354267951955604,
        "area_energy_star_interaction": -0.43498596017219754,
        "age_ghg_interaction": 0.7733968940140836
    },
    "interaction_strength": {
        "ghg_emissions_int_log_floor_area_log": 0.13126566139540774,
        "ghg_emissions_int_log_electric_eui": 0.5608473304146688,
        "ghg_emissions_int_log_fuel_eui": 0.2351344902230803,
        "ghg_emissions_int_log_energy_star_rating_normalized": 0.3607949133338151,
        "ghg_emissions_int_log_building_age_log": 0.23279677150989908,
        "ghg_emissions_int_log_floor_area_squared": 0.13081457259345264,
        "ghg_emissions_int_log_building_age_squared": 0.2323207683924906,
        "ghg_emissions_int_log_energy_star_rating_squared": 0.3237023439248503,
        "ghg_emissions_int_log_ghg_per_area": 0.1803633374491609,
        "ghg_emissions_int_log_age_energy_star_interaction": 0.25516215871424386,
        "ghg_emissions_int_log_area_energy_star_interaction": 0.13838017979491823,
        "ghg_emissions_int_log_age_ghg_interaction": 1.4948392721195916,
        "floor_area_log_electric_eui": 0.21550217828342433,
        "floor_area_log_fuel_eui": 0.31355978450091193,
        "floor_area_log_energy_star_rating_normalized": 0.3315486517621826,
        "floor_area_log_energy_mix": 0.1786275967146045,
        "floor_area_log_building_age_log": 3.8001248618442034,
        "floor_area_log_floor_area_squared": 6.845193867719839,
        "floor_area_log_energy_intensity_ratio": 1.376139664475823,
        "floor_area_log_building_age_squared": 3.799852657162611,
        "floor_area_log_energy_star_rating_squared": 0.2939055057942328,
        "floor_area_log_ghg_per_area": 1.2423013085414727,
        "floor_area_log_age_energy_star_interaction": 0.40590736709905606,
        "floor_area_log_area_energy_star_interaction": 0.6936020471092439,
        "floor_area_log_age_ghg_interaction": 0.11194786564547243,
        "electric_eui_energy_star_rating_normalized": 0.3479909655969271,
        "electric_eui_energy_mix": 0.5134550367942019,
        "electric_eui_building_age_log": 0.28766894056559167,
        "electric_eui_floor_area_squared": 0.22899251719868552,
        "electric_eui_building_age_squared": 0.2901448090781438,
        "electric_eui_energy_star_rating_squared": 0.3164890868222159,
        "electric_eui_age_energy_star_interaction": 0.29109623145210417,
        "electric_eui_area_energy_star_interaction": 0.13520879993346036,
        "electric_eui_age_ghg_interaction": 0.3184659858029697,
        "fuel_eui_energy_star_rating_normalized": 0.15647724572531985,
        "fuel_eui_energy_mix": 0.543184613913426,
        "fuel_eui_building_age_log": 0.2624477928244655,
        "fuel_eui_floor_area_squared": 0.3146941329520301,
        "fuel_eui_energy_intensity_ratio": 0.10126787154522532,
        "fuel_eui_building_age_squared": 0.2614695371826725,
        "fuel_eui_energy_star_rating_squared": 0.11616549589778558,
        "fuel_eui_age_ghg_interaction": 0.18968773537533856,
        "energy_star_rating_normalized_building_age_log": 0.19524699454003436,
        "energy_star_rating_normalized_floor_area_squared": 0.2627737492576605,
        "energy_star_rating_normalized_energy_intensity_ratio": 0.13099417898819343,
        "energy_star_rating_normalized_building_age_squared": 0.18378757587661987,
        "energy_star_rating_normalized_energy_star_rating_squared": 4.196223295097662,
        "energy_star_rating_normalized_ghg_per_area": 0.12575195947732531,
        "energy_star_rating_normalized_age_energy_star_interaction": 2.4911892567262313,
        "energy_star_rating_normalized_area_energy_star_interaction": 1.6058485523662402,
        "energy_star_rating_normalized_age_ghg_interaction": 0.19922802775490656,
        "energy_mix_building_age_log": 0.19846664501618339,
        "energy_mix_floor_area_squared": 0.20403917315172837,
        "energy_mix_building_age_squared": 0.20068254843570532,
        "building_age_log_floor_area_squared": 3.816198260797929,
        "building_age_log_energy_intensity_ratio": 0.47702453150716906,
        "building_age_log_building_age_squared": 4.212491640058065,
        "building_age_log_energy_star_rating_squared": 0.14145511992030446,
        "building_age_log_ghg_per_area": 0.41947866259446087,
        "building_age_log_age_energy_star_interaction": 1.4822689141233063,
        "building_age_log_area_energy_star_interaction": 0.2711364360239843,
        "building_age_log_age_ghg_interaction": 0.22986432054059325,
        "floor_area_squared_energy_intensity_ratio": 1.3754693947718195,
        "floor_area_squared_building_age_squared": 3.8028637857331935,
        "floor_area_squared_energy_star_rating_squared": 0.29659307460691764,
        "floor_area_squared_ghg_per_area": 1.2420247252788004,
        "floor_area_squared_age_energy_star_interaction": 0.40358853893449353,
        "floor_area_squared_area_energy_star_interaction": 0.6948107596060815,
        "floor_area_squared_age_ghg_interaction": 0.11219055822546586,
        "energy_intensity_ratio_building_age_squared": 0.5341509574982322,
        "energy_intensity_ratio_energy_star_rating_squared": 0.16845455148434674,
        "energy_intensity_ratio_ghg_per_area": 2.344084806725164,
        "energy_intensity_ratio_age_energy_star_interaction": 0.13542593576525608,
        "energy_intensity_ratio_area_energy_star_interaction": 0.28860044185100797,
        "energy_intensity_ratio_age_ghg_interaction": 0.10732824187943812,
        "building_age_squared_energy_star_rating_squared": 0.14557803089844334,
        "building_age_squared_ghg_per_area": 0.4186472050904202,