{
    "feature_importance": {
        "ghg_emissions_int_log": 0.09264211800221997,
        "floor_area_log": 0.0005547311951221253,
        "electric_eui": 0.043781640072338354,
        "fuel_eui": 0.049136512412810425,
        "energy_star_rating_normalized": 0.07475768637488647,
        "energy_mix": 0.0018593177110796907,
        "building_age_log": 0.24026165274161365,
        "floor_area_squared": 0.020996654091452634,
        "energy_intensity_ratio": 0.060248732067046604,
        "building_age_squared": 0.20406591826068674,
        "energy_star_rating_squared": 0.007364131360872361,
        "ghg_per_area": 0.07005301142863456,
        "age_energy_star_interaction": 0.04568302497069766,
        "area_energy_star_interaction": 0.0397589183505504,
        "age_ghg_interaction": 0.04883896742709463
    },
    "feature_importance_std": {
        "ghg_emissions_int_log": 1.0979722707580846e-06,
        "floor_area_log": 1.0086685765845664e-06,
        "electric_eui": 9.411569033300825e-07,
        "fuel_eui": 9.616402055382592e-07,
        "energy_star_rating_normalized": 9.144068883051942e-07,
        "energy_mix": 1.0676658921058064e-06,
        "building_age_log": 1.0735939044034478e-06,
        "floor_area_squared": 1.062591308959775e-06,
        "energy_intensity_ratio": 1.0417372777122907e-06,
        "building_age_squared": 9.779850292333597e-07,
        "energy_star_rating_squared": 1.0807688652925153e-06,
        "ghg_per_area": 1.0042391891714926e-06,
        "age_energy_star_interaction": 1.0827469034936783e-06,
        "area_energy_star_interaction": 1.0256702091444073e-06,
        "age_ghg_interaction": 9.0843501736994e-07
    },
    "target_correlations": {
        "ghg_emissions_int_log": 0.9389433883352163,
        "floor_area_log": 0.1835703020939087,
        "electric_eui": 0.6983235607878786,
        "fuel_eui": 0.6256201357383205,
        "energy_star_rating_normalized": -0.5150949545386211,
        "energy_mix": 0.21437659311228624,
        "building_age_log": -0.18122647000694683,
        "floor_area_squared": 0.1835699954781761,
        "energy_intensity_ratio": 0.24251462175185948,
        "building_age_squared": -0.1806112506387019,
        "energy_star_rating_squared": -0.5779048127501762,
        "ghg_per_area": 0.27828524793265663,
        "age_energy_star_interaction": -0.5354267951955604,
        "area_energy_star_interaction": -0.43498596017219754,
        "age_ghg_interaction": 0.7733968940140836
    },
    "interaction_strength": {
        "ghg_emissions_int_log_floor_area_log": 0.13118703120741948,
        "ghg_emissions_int_log_electric_eui": 0.560976565638776,
        "ghg_emissions_int_log_fuel_eui": 0.23515948941663556,
        "ghg_emissions_int_log_energy_star_rating_normalized": 0.36057623229186486,
        "ghg_emissions_int_log_building_age_log": 0.2318361489198697,
        "ghg_emissions_int_log_floor_area_squared": 0.1311369425653961,
        "ghg_emissions_int_log_building_age_squared": 0.23286191134290757,
        "ghg_emissions_int_log_energy_star_rating_squared": 0.3234222346907236,
        "ghg_emissions_int_log_ghg_per_area": 0.18033231737326982,
        "ghg_emissions_int_log_age_energy_star_interaction": 0.25484642883286845,
        "ghg_emissions_int_log_area_energy_star_interaction": 0.1388018892367393,
        "ghg_emissions_int_log_age_ghg_interaction": 1.493769778006608,
        "floor_area_log_electric_eui": 0.2159126054717051,
        "floor_area_log_fuel_eui": 0.31518356593647745,
        "floor_area_log_energy_star_rating_normalized": 0.329855483040042,
        "floor_area_log_energy_mix": 0.17816069344216956,
        "floor_area_log_building_age_log": 3.8027924027055686,
        "floor_area_log_floor_area_squared": 6.845193867719839,
        "floor_area_log_energy_intensity_ratio": 1.376129545579989,
        "floor_area_log_building_age_squared": 3.803757481695249,
        "floor_area_log_energy_star_rating_squared": 0.29302410311039395,
        "floor_area_log_ghg_per_area": 1.241811359278726,
        "floor_area_log_age_energy_star_interaction": 0.4050504862548294,
        "floor_area_log_area_energy_star_interaction": 0.697150602784613,
        "floor_area_log_age_ghg_interaction": 0.11198534358175927,
        "electric_eui_energy_star_rating_normalized": 0.3491594702550831,
        "electric_eui_energy_mix": 0.5138342788096351,
        "electric_eui_building_age_log": 0.2891149705020162,
        "electric_eui_floor_area_squared": 0.2297074606648044,
        "electric_eui_building_age_squared": 0.28921668265284595,
        "electric_eui_energy_star_rating_squared": 0.3186017153102423,
        "electric_eui_age_energy_star_interaction": 0.29167894711879416,
        "electric_eui_area_energy_star_interaction": 0.1357983157219529,
        "electric_eui_age_ghg_interaction": 0.3181574399889051,
        "fuel_eui_energy_star_rating_normalized": 0.15903942982229768,
        "fuel_eui_energy_mix": 0.5449047995875089,
        "fuel_eui_building_age_log": 0.2672058635113572,
        "fuel_eui_floor_area_squared": 0.3166835491079416,
        "fuel_eui_building_age_squared": 0.2625939267795445,
        "fuel_eui_energy_star_rating_squared": 0.11579686476890316,
        "fuel_eui_age_ghg_interaction": 0.19148099068472124,
        "energy_star_rating_normalized_building_age_log": 0.1896041529594239,
        "energy_star_rating_normalized_floor_area_squared": 0.2635203053020705,
        "energy_star_rating_normalized_energy_intensity_ratio": 0.13336888288887128,
        "energy_star_rating_normalized_building_age_squared": 0.1964438582168908,
        "energy_star_rating_normalized_energy_star_rating_squared": 4.194497035791017,
        "energy_star_rating_normalized_ghg_per_area": 0.12558392868002155,
        "energy_star_rating_normalized_age_energy_star_interaction": 2.504422751283356,
        "energy_star_rating_normalized_area_energy_star_interaction": 1.6064648680052693,
        "energy_star_rating_normalized_age_ghg_interaction": 0.20096473842338547,
        "energy_mix_building_age_log": 0.19886050830900714,
        "energy_mix_floor_area_squared": 0.20336256059027402,
        "energy_mix_building_age_squared": 0.2008769142348008,
        "building_age_log_floor_area_squared": 3.791962264198478,
        "building_age_log_energy_intensity_ratio": 0.47612589084560497,
        "building_age_log_building_age_squared": 4.212491640058065,
        "building_age_log_energy_star_rating_squared": 0.13736614784645784,
        "building_age_log_ghg_per_area": 0.4186909781497201,
        "building_age_log_age_energy_star_interaction": 1.4712734668582481,
        "building_age_log_area_energy_star_interaction": 0.26938340367054625,
        "building_age_log_age_ghg_interaction": 0.2287342999418911,
        "floor_area_squared_energy_intensity_ratio": 1.3757394956349884,
        "floor_area_squared_building_age_squared": 3.8024073624407118,
        "floor_area_squared_energy_star_rating_squared": 0.2932504435929211,
        "floor_area_squared_ghg_per_area": 1.2414045170474877,
        "floor_area_squared_age_energy_star_interaction": 0.4055568785943118,
        "floor_area_squared_area_energy_star_interaction": 0.6970485337809258,
        "floor_area_squared_age_ghg_interaction": 0.11197540771460801,
        "energy_intensity_ratio_building_age_squared": 0.5341655242330718,
        "energy_intensity_ratio_energy_star_rating_squared": 0.1682429204026814,
        "energy_intensity_ratio_ghg_per_area": 2.3440856790378537,
        "energy_intensity_ratio_age_energy_star_interaction": 0.13484924878393034,
        "energy_intensity_ratio_area_energy_star_interaction": 0.28845293884593826,
        "energy_intensity_ratio_age_ghg_interaction": 0.10732817452292842,
        "building_age_squared_energy_star_rating_squared": 0.14822907050873635,
        "building_age_squared_ghg_per_area": 0.41659899533218336,
        "building_age_squared_age_energy_star_interaction": 1.4780203694963228,