{
    "feature_importance": {
        "ghg_emissions_int_log": 0.09841330044788775,
        "floor_area_log": 0.00059735328328235,
        "electric_eui": 0.047271032496193716,
        "fuel_eui": 0.05306298295726008,
        "energy_star_rating_normalized": 0.0780914318317908,
        "energy_mix": 0.0018420906642096961,
        "building_age_log": 0.21778932575334592,
        "floor_area_squared": 0.023192570433006786,
        "energy_intensity_ratio": 0.06839318526859209,
        "building_age_squared": 0.17972211833080462,
        "energy_star_rating_squared": 0.007248519721210221,
        "ghg_per_area": 0.08004167681720717,
        "age_energy_star_interaction": 0.049317935649618734,
        "area_energy_star_interaction": 0.043525930193466865,
        "age_ghg_interaction": 0.05149503971214306
    },
    "feature_importance_std": {
        "ghg_emissions_int_log": 9.70416311939963e-07,
        "floor_area_log": 1.0543737664764403e-06,
        "electric_eui": 9.180776745860357e-07,
        "fuel_eui": 1.0313065932430443e-06,
        "energy_star_rating_normalized": 9.488940067464444e-07,
        "energy_mix": 9.849579821757644e-07,
        "building_age_log": 9.472648948470685e-07,
        "floor_area_squared": 8.891166616447988e-07,
        "energy_intensity_ratio": 1.050426290161808e-06,
        "building_age_squared": 9.24548583952689e-07,
        "energy_star_rating_squared": 9.71656641829272e-07,
        "ghg_per_area": 1.0108439623174823e-06,
        "age_energy_star_interaction": 8.9476942019108e-07,
        "area_energy_star_interaction": 9.90468324397233e-07,
        "age_ghg_interaction": 9.96425765971668e-07
    },
    "target_correlations": {
        "ghg_emissions_int_log": 0.9389433883352163,
        "floor_area_log": 0.1835703020939087,
        "electric_eui": 0.6983235607878786,
        "fuel_eui": 0.6256201357383205,
        "energy_star_rating_normalized": -0.5150949545386211,
        "energy_mix": 0.21437659311228624,
        "building_age_log": -0.18122647000694683,
        "floor_area_squared": 0.1835699954781761,
        "energy_intensity_ratio": 0.24251462175185948,
        "building_age_squared": -0.1806112506387019,
        "energy_star_rating_squared": -0.5779048127501762,
        "ghg_per_area": 0.27828524793265663,
        "age_energy_star_interaction": -0.5354267951955604,
        "area_energy_star_interaction": -0.43498596017219754,
        "age_ghg_interaction": 0.7733968940140836
    },
    "interaction_strength": {
        "ghg_emissions_int_log_floor_area_log": 0.1311035116116992,
        "ghg_emissions_int_log_electric_eui": 0.5609776313834596,
        "ghg_emissions_int_log_fuel_eui": 0.23527847726269346,
        "ghg_emissions_int_log_energy_star_rating_normalized": 0.36086142084976025,
        "ghg_emissions_int_log_building_age_log": 0.2323552995690621,
        "ghg_emissions_int_log_floor_area_squared": 0.13105295524190996,
        "ghg_emissions_int_log_building_age_squared": 0.23233824973277972,
        "ghg_emissions_int_log_energy_star_rating_squared": 0.3239533191675621,
        "ghg_emissions_int_log_ghg_per_area": 0.18045417824186494,
        "ghg_emissions_int_log_age_energy_star_interaction": 0.25514984186967915,
        "ghg_emissions_int_log_area_energy_star_interaction": 0.1389672183035584,
        "ghg_emissions_int_log_age_ghg_interaction": 1.4939114967788703,
        "floor_area_log_electric_eui": 0.21546704156491714,
        "floor_area_log_fuel_eui": 0.3140931776482567,
        "floor_area_log_energy_star_rating_normalized": 0.3299536718499958,
        "floor_area_log_energy_mix": 0.17893720203975239,
        "floor_area_log_building_age_log": 3.80087209148496,
        "floor_area_log_floor_area_squared": 6.84547904929922,
        "floor_area_log_energy_intensity_ratio": 1.3763885554559332,
        "floor_area_log_building_age_squared": 3.802393638622971,
        "floor_area_log_energy_star_rating_squared": 0.294342209789459,
        "floor_area_log_ghg_per_area": 1.2410352659678097,
        "floor_area_log_age_energy_star_interaction": 0.40409385248715957,
        "floor_area_log_area_energy_star_interaction": 0.692206582048823,
        "floor_area_log_age_ghg_interaction": 0.11198609941130488,
        "electric_eui_energy_star_rating_normalized": 0.3482479138089465,
        "electric_eui_energy_mix": 0.5127800607403783,
        "electric_eui_building_age_log": 0.29134268712638267,
        "electric_eui_floor_area_squared": 0.2283091069823513,
        "electric_eui_building_age_squared": 0.29256782949784377,
        "electric_eui_energy_star_rating_squared": 0.3193711556595078,
        "electric_eui_age_energy_star_interaction": 0.291611313631539,
        "electric_eui_area_energy_star_interaction": 0.135493812835489,
        "electric_eui_age_ghg_interaction": 0.3184925005102386,
        "fuel_eui_energy_star_rating_normalized": 0.15628723494639107,
        "fuel_eui_energy_mix": 0.5430112494898847,
        "fuel_eui_building_age_log": 0.25874310989817584,
        "fuel_eui_floor_area_squared": 0.3139778185042088,
        "fuel_eui_energy_intensity_ratio": 0.10090286235051149,
        "fuel_eui_building_age_squared": 0.26046659672697814,
        "fuel_eui_energy_star_rating_squared": 0.11433861752000851,
        "fuel_eui_age_ghg_interaction": 0.18905021860920623,
        "energy_star_rating_normalized_building_age_log": 0.184705876519625,
        "energy_star_rating_normalized_floor_area_squared": 0.25979948611157333,
        "energy_star_rating_normalized_energy_intensity_ratio": 0.13275540195185176,
        "energy_star_rating_normalized_building_age_squared": 0.1888198645953416,
        "energy_star_rating_normalized_energy_star_rating_squared": 4.195107415206289,
        "energy_star_rating_normalized_ghg_per_area": 0.12298607383606264,
        "energy_star_rating_normalized_age_energy_star_interaction": 2.5067439196257166,
        "energy_star_rating_normalized_area_energy_star_interaction": 1.6080540405943262,
        "energy_star_rating_normalized_age_ghg_interaction": 0.20150549912431437,
        "energy_mix_building_age_log": 0.1999474482182313,
        "energy_mix_floor_area_squared": 0.20499126876113394,
        "energy_mix_building_age_squared": 0.20153057083122672,
        "building_age_log_floor_area_squared": 3.8094904795497477,
        "building_age_log_energy_intensity_ratio": 0.47733746066735083,
        "building_age_log_building_age_squared": 4.212491640058065,
        "building_age_log_energy_star_rating_squared": 0.14172712998925796,
        "building_age_log_ghg_per_area": 0.41825279236136925,
        "building_age_log_age_energy_star_interaction": 1.46771531493009,
        "building_age_log_area_energy_star_interaction": 0.26859089336725805,
        "building_age_log_age_ghg_interaction": 0.22900440145324907,
        "floor_area_squared_energy_intensity_ratio": 1.375676666859495,
        "floor_area_squared_building_age_squared": 3.802923457245499,
        "floor_area_squared_energy_star_rating_squared": 0.29377398214933326,
        "floor_area_squared_ghg_per_area": 1.2417700381156136,
        "floor_area_squared_age_energy_star_interaction": 0.4051709791387852,
        "floor_area_squared_area_energy_star_interaction": 0.695721860477355,
        "floor_area_squared_age_ghg_interaction": 0.11189449189359113,
        "energy_intensity_ratio_building_age_squared": 0.5341509574982322,
        "energy_intensity_ratio_energy_star_rating_squared": 0.16847747205865815,
        "energy_intensity_ratio_ghg_per_area": 2.3440861638247124,
        "energy_intensity_ratio_age_energy_star_interaction": 0.13489192405350714,
        "energy_intensity_ratio_area_energy_star_interaction": 0.28824058635273,
        "energy_intensity_ratio_age_ghg_interaction": 0.10733160387591223,
        "building_age_squared_energy_star_rating_squared": 0.14763654017577021,
        "building_age_squared_ghg_per_area": 0.4190532727658338,