{
    "feature_importance": {
        "ghg_emissions_int_log": 0.0004355601594674118,
        "floor_area_log": 0.00035127663258299014,
        "electric_eui": 0.0003694089119781535,
        "fuel_eui": 0.00037615839868728097,
        "energy_star_rating_normalized": 0.1958842023599891,
        "energy_mix": 0.1953078222886213,
        "building_age_log": 0.19535115653596258,
        "floor_area_squared": 0.4119244103630047,
        "energy_intensity_ratio": 6.213866489989205e-10,
        "building_age_squared": 6.213866489989205e-10,
        "energy_star_rating_squared": 6.213866489989205e-10,
        "ghg_per_area": 6.213866489989205e-10,
        "age_energy_star_interaction": 6.213866489989205e-10,
        "area_energy_star_interaction": 6.213866489989205e-10,
        "age_ghg_interaction": 6.213866489989205e-10
    },
    "feature_importance_std": {
        "ghg_emissions_int_log": 7.047314121155779e-19,
        "floor_area_log": 3.2526065174565133e-19,
        "electric_eui": 6.505213034913027e-19,
        "fuel_eui": 3.2526065174565133e-19,
        "energy_star_rating_normalized": 1.1102230246251565e-16,
        "energy_mix": 2.7755575615628914e-17,
        "building_age_log": 4.163336342344337e-16,
        "floor_area_squared": 1.1102230246251565e-16,
        "energy_intensity_ratio": 0.0,
        "building_age_squared": 0.0,
        "energy_star_rating_squared": 0.0,
        "ghg_per_area": 0.0,
        "age_energy_star_interaction": 0.0,
        "area_energy_star_interaction": 0.0,
        "age_ghg_interaction": 0.0
    },
    "target_correlations": {
        "ghg_emissions_int_log": 0.9389433883352163,
        "floor_area_log": 0.1835703020939087,
        "electric_eui": 0.6983235607878786,
        "fuel_eui": 0.6256201357383205,
        "energy_star_rating_normalized": -0.5150949545386211,
        "energy_mix": 0.21437659311228624,
        "building_age_log": -0.18122647000694683,
        "floor_area_squared": 0.1835699954781761,
        "energy_intensity_ratio": 0.24251462175185948,
        "building_age_squared": -0.1806112506387019,
        "energy_star_rating_squared": -0.5779048127501762,
        "ghg_per_area": 0.27828524793265663,
        "age_energy_star_interaction": -0.5354267951955604,
        "area_energy_star_interaction": -0.43498596017219754,
        "age_ghg_interaction": 0.7733968940140836
    },
    "interaction_strength": {
        "ghg_emissions_int_log_floor_area_log": 0.13111940602848993,
        "ghg_emissions_int_log_electric_eui": 0.5609818023499553,
        "ghg_emissions_int_log_fuel_eui": 0.23512284340890677,
        "ghg_emissions_int_log_energy_star_rating_normalized": 0.3603127541480031,
        "ghg_emissions_int_log_building_age_log": 0.232241739196418,
        "ghg_emissions_int_log_floor_area_squared": 0.1312445235963926,
        "ghg_emissions_int_log_building_age_squared": 0.2327056311708411,
        "ghg_emissions_int_log_energy_star_rating_squared": 0.32334459108529234,
        "ghg_emissions_int_log_ghg_per_area": 0.18030318303243842,
        "ghg_emissions_int_log_age_energy_star_interaction": 0.25536463649040364,
        "ghg_emissions_int_log_area_energy_star_interaction": 0.13897852949604061,
        "ghg_emissions_int_log_age_ghg_interaction": 1.4946113447090843,
        "floor_area_log_electric_eui": 0.21549015573021357,
        "floor_area_log_fuel_eui": 0.31297891388595644,
        "floor_area_log_energy_star_rating_normalized": 0.3306630378994422,
        "floor_area_log_energy_mix": 0.17783239140716578,
        "floor_area_log_building_age_log": 3.801235406688164,
        "floor_area_log_floor_area_squared": 6.845193867719839,
        "floor_area_log_energy_intensity_ratio": 1.3768409103769104,
        "floor_area_log_building_age_squared": 3.801693647802625,
        "floor_area_log_energy_star_rating_squared": 0.29404779096940103,
        "floor_area_log_ghg_per_area": 1.2418059901698486,
        "floor_area_log_age_energy_star_interaction": 0.40471313754011984,
        "floor_area_log_area_energy_star_interaction": 0.6957310021375269,
        "floor_area_log_age_ghg_interaction": 0.11233325102315472,
        "electric_eui_energy_star_rating_normalized": 0.3475180810085847,
        "electric_eui_energy_mix": 0.5136981527182023,
        "electric_eui_building_age_log": 0.2907936117658396,
        "electric_eui_floor_area_squared": 0.22887300408664935,
        "electric_eui_building_age_squared": 0.2905372099617658,
        "electric_eui_energy_star_rating_squared": 0.3177680922824182,
        "electric_eui_age_energy_star_interaction": 0.2913248818546883,
        "electric_eui_area_energy_star_interaction": 0.13625836054608698,
        "electric_eui_age_ghg_interaction": 0.31766905286134683,
        "fuel_eui_energy_star_rating_normalized": 0.16165662354246013,
        "fuel_eui_energy_mix": 0.5452334031297976,
        "fuel_eui_building_age_log": 0.2628268427885585,
        "fuel_eui_floor_area_squared": 0.3222299436109415,
        "fuel_eui_energy_intensity_ratio": 0.10078452001191085,
        "fuel_eui_building_age_squared": 0.26261637526518644,
        "fuel_eui_energy_star_rating_squared": 0.1188895106794936,
        "fuel_eui_age_ghg_interaction": 0.19121690220202847,
        "energy_star_rating_normalized_building_age_log": 0.1943369317220318,
        "energy_star_rating_normalized_floor_area_squared": 0.26240298363650627,
        "energy_star_rating_normalized_energy_intensity_ratio": 0.12968723860024856,
        "energy_star_rating_normalized_building_age_squared": 0.18466449132957852,
        "energy_star_rating_normalized_energy_star_rating_squared": 4.194201042821574,
        "energy_star_rating_normalized_ghg_per_area": 0.12431154218547924,
        "energy_star_rating_normalized_age_energy_star_interaction": 2.4873699999032453,
        "energy_star_rating_normalized_area_energy_star_interaction": 1.607952119382809,
        "energy_star_rating_normalized_age_ghg_interaction": 0.19937354805334717,
        "energy_mix_building_age_log": 0.19949326421672886,
        "energy_mix_floor_area_squared": 0.2037938017329335,
        "energy_mix_building_age_squared": 0.1987587903755461,
        "building_age_log_floor_area_squared": 3.7968932498467085,
        "building_age_log_energy_intensity_ratio": 0.47803423668152334,
        "building_age_log_building_age_squared": 4.212491640058065,
        "building_age_log_energy_star_rating_squared": 0.1504041744306681,
        "building_age_log_ghg_per_area": 0.4195284484681139,
        "building_age_log_age_energy_star_interaction": 1.4703423182617805,
        "building_age_log_area_energy_star_interaction": 0.2697489398230877,
        "building_age_log_age_ghg_interaction": 0.22639753082078862,
        "floor_area_squared_energy_intensity_ratio": 1.3761489285542021,
        "floor_area_squared_building_age_squared": 3.801287193892988,
        "floor_area_squared_energy_star_rating_squared": 0.293097526817343,
        "floor_area_squared_ghg_per_area": 1.2418078556521461,
        "floor_area_squared_age_energy_star_interaction": 0.40461396673777017,
        "floor_area_squared_area_energy_star_interaction": 0.6955321845737785,
        "floor_area_squared_age_ghg_interaction": 0.11181702663439186,
        "energy_intensity_ratio_building_age_squared": 0.5341509574982322,
        "energy_intensity_ratio_energy_star_rating_squared": 0.16848761906317566,
        "energy_intensity_ratio_ghg_per_area": 2.3440858586737865,
        "energy_intensity_ratio_age_energy_star_interaction": 0.13532997074480502,
        "energy_intensity_ratio_area_energy_star_interaction": 0.2883916422863493,
        "energy_intensity_ratio_age_ghg_interaction": 0.10733209783387121,
        "building_age_squared_energy_star_rating_squared": 0.1490776124119666,
        "building_age_squared_ghg_per_area": 0.4164151533181002,
        "building_age_squared_age_energy_star_interaction": 1.4710955452837564,