{
    "fold": 3.0,
    "rmse": 6.239885639527074,
    "mae": 3.9204029053078147,
    "r2": 0.9455401958611919,
    "mean_std": 3.0281103547684127,
    "crps": 2.4063477279236083,
    "picp_50": 0.41598517098008747,
    "picp_80": 0.653353309252019,
    "picp_90": 0.7478592978946759,
    "picp_95": 0.8043066978566529,
    "picp_99": 0.8778534291075311
}