{
    "fold": 3.0,
    "rmse": 6.331434524583801,
    "mae": 4.011143188409585,
    "r2": 0.9437506968093808,
    "mean_std": 3.0603276183769785,
    "crps": 2.480979379221096,
    "picp_50": 0.41122889096454757,
    "picp_80": 0.642425710247233,
    "picp_90": 0.7420749882210963,
    "picp_95": 0.8012216169748468,
    "picp_99": 0.8772113341984973
}