{
    "fold": 2.0,
    "rmse": 6.237412288198425,
    "mae": 3.919843985340927,
    "r2": 0.9455657236104361,
    "mean_std": 2.764582006625321,
    "crps": 2.5375529820282656,
    "picp_50": 0.3894885962364644,
    "picp_80": 0.6236405410102223,
    "picp_90": 0.7133920126043686,
    "picp_95": 0.7796117653733777,
    "picp_99": 0.8597180264529859
}