{
    "fold": 3.0,
    "rmse": 6.685858994919468,
    "mae": 4.292274454575016,
    "r2": 0.9374855184328948,
    "mean_std": 3.2213847099287363,
    "crps": 2.6815820996106474,
    "picp_50": 0.3812658395258682,
    "picp_80": 0.6479561742120532,
    "picp_90": 0.7478635961613173,
    "picp_95": 0.8095800924127328,
    "picp_99": 0.8748953124095917
}