{
    "ghg_emissions_int_log": 0.20990406596493494,
    "floor_area_log": 0.0002651127318901769,
    "electric_eui": 5.907929369246602,
    "fuel_eui": 5.614657348950318,
    "energy_star_rating_normalized": 0.11706700059526393,
    "energy_mix": 3.1204594970208886e-06,
    "building_age_log": 0.6295185529570427,
    "floor_area_squared": 0.3567820777108126,
    "energy_intensity_ratio": 0.0,
    "building_age_squared": 1.054952623631682,
    "energy_star_rating_squared": 0.0015170883524828812,
    "ghg_per_area": 0.0,
    "age_energy_star_interaction": 0.3651780958325121,
    "area_energy_star_interaction": 0.831242878162204,
    "age_ghg_interaction": 0.5303108730822906
}