floor_area,ghg_emissions_int,fuel_eui,electric_eui
8.172805421054363251e-03
3.433423116803169250e-02
1.360348798334598541e-02
1.207207422703504562e-02
