{
    "overall": {
        "rmse": 0.19377535581588745,
        "mae": 0.14558973908424377,
        "r2": 0.9620824307203293,
        "explained_variance": 0.9623790979385376,
        "nll": 1.5003072023391724,
        "coverage": 0.6070422535211267,
        "mean_interval_width": 0.3186427652835846,
        "calibration_error": 0.34310758166017374
    },
    "group_wise": {
        "group_0": {
            "rmse": 0.19377535581588745,
            "mae": 0.14558973908424377,
            "r2": 0.9620824307203293,
            "coverage": 0.6070422535211267,
            "mean_interval_width": 0.3186427652835846
        }
    },
    "feature_importance": {
        "floor_area": 0.10345124453306198,
        "ghg_emissions_int": 0.4531915783882141,
        "fuel_eui": 0.3595925569534302,
        "electric_eui": 0.4877997040748596,
        "energy_star_rating": 0.413103312253952,
        "heating_fuel": 0.02454340271651745
    }
}