{
    "rmse": 0.5472657680511475,
    "mae": 0.40775853395462036,
    "r2": 0.6978881657123566,
    "mean_std": 0.3413698673248291
}