{
    "feature_importance": {
        "ghg_emissions_int_log": 0.00288032374998437,
        "floor_area_log": 0.6630487965234547,
        "electric_eui": 0.0022254384146952687,
        "fuel_eui": 0.002278191317664013,
        "energy_star_rating_normalized": 0.0007449551911451768,
        "energy_mix": 0.0005725077590498978,
        "building_age_log": 0.002856825868393407,
        "floor_area_squared": 0.18849829186357145,
        "energy_intensity_ratio": 0.014781314646733386,
        "building_age_squared": 0.05273303652634987,
        "energy_star_rating_squared": 0.012403526538849255,
        "ghg_per_area": 0.015574549809512946,
        "age_energy_star_interaction": 0.013810608493175145,
        "area_energy_star_interaction": 0.013556988729081326,
        "age_ghg_interaction": 0.01403464456833968
    },
    "feature_importance_std": {
        "ghg_emissions_int_log": 0.0,
        "floor_area_log": 2.220446049250313e-16,
        "electric_eui": 3.903127820947816e-18,
        "fuel_eui": 4.336808689942018e-18,
        "energy_star_rating_normalized": 1.0842021724855044e-18,
        "energy_mix": 9.75781955236954e-19,
        "building_age_log": 6.938893903907228e-18,
        "floor_area_squared": 3.885780586188048e-16,
        "energy_intensity_ratio": 3.122502256758253e-17,
        "building_age_squared": 0.0,
        "energy_star_rating_squared": 1.0408340855860843e-17,
        "ghg_per_area": 5.204170427930421e-18,
        "age_energy_star_interaction": 1.0408340855860843e-17,
        "area_energy_star_interaction": 8.673617379884035e-18,
        "age_ghg_interaction": 1.214306433183765e-17
    },
    "target_correlations": {
        "ghg_emissions_int_log": 0.9389433883352163,
        "floor_area_log": 0.1835703020939087,
        "electric_eui": 0.6983235607878786,
        "fuel_eui": 0.6256201357383205,
        "energy_star_rating_normalized": -0.5150949545386211,
        "energy_mix": 0.21437659311228624,
        "building_age_log": -0.18122647000694683,
        "floor_area_squared": 0.1835699954781761,
        "energy_intensity_ratio": 0.24251462175185948,
        "building_age_squared": -0.1806112506387019,
        "energy_star_rating_squared": -0.5779048127501762,
        "ghg_per_area": 0.27828524793265663,
        "age_energy_star_interaction": -0.5354267951955604,
        "area_energy_star_interaction": -0.43498596017219754,
        "age_ghg_interaction": 0.7733968940140836
    },
    "interaction_strength": {
        "ghg_emissions_int_log_floor_area_log": 0.13111084195545697,
        "ghg_emissions_int_log_electric_eui": 0.5609299681853441,
        "ghg_emissions_int_log_fuel_eui": 0.23519633467600976,
        "ghg_emissions_int_log_energy_star_rating_normalized": 0.36085235196667753,
        "ghg_emissions_int_log_building_age_log": 0.23180929604205414,
        "ghg_emissions_int_log_floor_area_squared": 0.13103279572572912,
        "ghg_emissions_int_log_building_age_squared": 0.23284879186500973,
        "ghg_emissions_int_log_energy_star_rating_squared": 0.32438283145559943,
        "ghg_emissions_int_log_ghg_per_area": 0.18018741491050427,
        "ghg_emissions_int_log_age_energy_star_interaction": 0.25492884136238825,
        "ghg_emissions_int_log_area_energy_star_interaction": 0.1395278243685194,
        "ghg_emissions_int_log_age_ghg_interaction": 1.4938902191612424,
        "floor_area_log_electric_eui": 0.21514396973858219,
        "floor_area_log_fuel_eui": 0.31351505778301103,
        "floor_area_log_energy_star_rating_normalized": 0.33047743583510325,
        "floor_area_log_energy_mix": 0.1784222668717783,
        "floor_area_log_building_age_log": 3.8008943118672462,
        "floor_area_log_floor_area_squared": 6.845236729148839,
        "floor_area_log_energy_intensity_ratio": 1.3761593307022073,
        "floor_area_log_building_age_squared": 3.8004976325027373,
        "floor_area_log_energy_star_rating_squared": 0.2926981921062666,
        "floor_area_log_ghg_per_area": 1.2416588493979344,
        "floor_area_log_age_energy_star_interaction": 0.4046521929827156,
        "floor_area_log_area_energy_star_interaction": 0.6941116929806697,
        "floor_area_log_age_ghg_interaction": 0.11194956560110736,
        "electric_eui_energy_star_rating_normalized": 0.34862011969551165,
        "electric_eui_energy_mix": 0.5134987937200739,
        "electric_eui_building_age_log": 0.29166515267897264,
        "electric_eui_floor_area_squared": 0.2292251706601789,
        "electric_eui_building_age_squared": 0.29034757009571344,
        "electric_eui_energy_star_rating_squared": 0.31727801867008587,
        "electric_eui_age_energy_star_interaction": 0.29140465015358963,
        "electric_eui_area_energy_star_interaction": 0.1359060792336031,
        "electric_eui_age_ghg_interaction": 0.317796275309032,
        "fuel_eui_energy_star_rating_normalized": 0.16382001868205887,
        "fuel_eui_energy_mix": 0.5432273771378622,
        "fuel_eui_building_age_log": 0.2680051845399003,
        "fuel_eui_floor_area_squared": 0.31528457093594753,
        "fuel_eui_building_age_squared": 0.2625360244542989,
        "fuel_eui_energy_star_rating_squared": 0.11086588171558276,
        "fuel_eui_age_ghg_interaction": 0.18986119866534956,
        "energy_star_rating_normalized_building_age_log": 0.19763557419779776,
        "energy_star_rating_normalized_floor_area_squared": 0.26109815727787566,
        "energy_star_rating_normalized_energy_intensity_ratio": 0.13180966926949633,
        "energy_star_rating_normalized_building_age_squared": 0.1789746022256784,
        "energy_star_rating_normalized_energy_star_rating_squared": 4.19503013294196,
        "energy_star_rating_normalized_ghg_per_area": 0.1230111629559989,
        "energy_star_rating_normalized_age_energy_star_interaction": 2.497353580678068,
        "energy_star_rating_normalized_area_energy_star_interaction": 1.6061898771043843,
        "energy_star_rating_normalized_age_ghg_interaction": 0.1989940875345555,
        "energy_mix_building_age_log": 0.19921074788798876,
        "energy_mix_floor_area_squared": 0.20442959127753557,
        "energy_mix_building_age_squared": 0.19845675612125024,
        "building_age_log_floor_area_squared": 3.8186365633065256,
        "building_age_log_energy_intensity_ratio": 0.4764610373100071,
        "building_age_log_building_age_squared": 4.212555932201566,
        "building_age_log_energy_star_rating_squared": 0.13693638342151981,
        "building_age_log_ghg_per_area": 0.4178891217891527,
        "building_age_log_age_energy_star_interaction": 1.4765304830894244,
        "building_age_log_area_energy_star_interaction": 0.2728629437590566,
        "building_age_log_age_ghg_interaction": 0.22587647157766355,
        "floor_area_squared_energy_intensity_ratio": 1.37643610321265,
        "floor_area_squared_building_age_squared": 3.8020406509918603,
        "floor_area_squared_energy_star_rating_squared": 0.29612467551015254,
        "floor_area_squared_ghg_per_area": 1.2417748744130552,
        "floor_area_squared_age_energy_star_interaction": 0.4059591006070393,
        "floor_area_squared_area_energy_star_interaction": 0.6950130222039164,
        "floor_area_squared_age_ghg_interaction": 0.11186548698376075,
        "energy_intensity_ratio_building_age_squared": 0.5341655242330718,
        "energy_intensity_ratio_energy_star_rating_squared": 0.16859636545886936,
        "energy_intensity_ratio_ghg_per_area": 2.344085405152603,
        "energy_intensity_ratio_age_energy_star_interaction": 0.13515578006381634,
        "energy_intensity_ratio_area_energy_star_interaction": 0.28845782628694394,
        "energy_intensity_ratio_age_ghg_interaction": 0.10733122034408904,
        "building_age_squared_energy_star_rating_squared": 0.1518687609551419,
        "building_age_squared_ghg_per_area": 0.4183818305751954,
        "building_age_squared_age_energy_star_interaction": 1.4703351328109755,