{
    "feature_importance": {
        "ghg_emissions_int_log": 0.002880319436021757,
        "floor_area_log": 0.6630489695509894,
        "electric_eui": 0.002225435085638197,
        "fuel_eui": 0.002278187907032921,
        "energy_star_rating_normalized": 0.0007449540754623766,
        "energy_mix": 0.0005725069280100356,
        "building_age_log": 0.002856821595784815,
        "floor_area_squared": 0.18849834098039886,
        "energy_intensity_ratio": 0.014781292513435877,
        "building_age_squared": 0.05273295766355218,
        "energy_star_rating_squared": 0.012403507966734652,
        "ghg_per_area": 0.015574526480369385,
        "age_energy_star_interaction": 0.01381058782876239,
        "area_energy_star_interaction": 0.01355696842784808,
        "age_ghg_interaction": 0.014034623559958775
    },
    "feature_importance_std": {
        "ghg_emissions_int_log": 8.673617379884035e-19,
        "floor_area_log": 9.992007221626409e-16,
        "electric_eui": 2.168404344971009e-18,
        "fuel_eui": 5.637851296924623e-18,
        "energy_star_rating_normalized": 7.589415207398531e-19,
        "energy_mix": 1.1926223897340549e-18,
        "building_age_log": 3.0357660829594124e-18,
        "floor_area_squared": 1.942890293094024e-16,
        "energy_intensity_ratio": 2.0816681711721685e-17,
        "building_age_squared": 6.245004513516506e-17,
        "energy_star_rating_squared": 1.734723475976807e-17,
        "ghg_per_area": 3.642919299551295e-17,
        "age_energy_star_interaction": 2.2551405187698492e-17,
        "area_energy_star_interaction": 2.2551405187698492e-17,
        "age_ghg_interaction": 2.7755575615628914e-17
    },
    "target_correlations": {
        "ghg_emissions_int_log": 0.9389433883352163,
        "floor_area_log": 0.1835703020939087,
        "electric_eui": 0.6983235607878786,
        "fuel_eui": 0.6256201357383205,
        "energy_star_rating_normalized": -0.5150949545386211,
        "energy_mix": 0.21437659311228624,
        "building_age_log": -0.18122647000694683,
        "floor_area_squared": 0.1835699954781761,
        "energy_intensity_ratio": 0.24251462175185948,
        "building_age_squared": -0.1806112506387019,
        "energy_star_rating_squared": -0.5779048127501762,
        "ghg_per_area": 0.27828524793265663,
        "age_energy_star_interaction": -0.5354267951955604,
        "area_energy_star_interaction": -0.43498596017219754,
        "age_ghg_interaction": 0.7733968940140836
    },
    "interaction_strength": {
        "ghg_emissions_int_log_floor_area_log": 0.13090349362962517,
        "ghg_emissions_int_log_electric_eui": 0.5609352351745764,
        "ghg_emissions_int_log_fuel_eui": 0.23509722617788054,
        "ghg_emissions_int_log_energy_star_rating_normalized": 0.3603094532843203,
        "ghg_emissions_int_log_building_age_log": 0.23212963296598144,
        "ghg_emissions_int_log_floor_area_squared": 0.13109499159915128,
        "ghg_emissions_int_log_building_age_squared": 0.23190269115180318,
        "ghg_emissions_int_log_energy_star_rating_squared": 0.3237171413924056,
        "ghg_emissions_int_log_ghg_per_area": 0.18032962563461652,
        "ghg_emissions_int_log_age_energy_star_interaction": 0.25504844022224127,
        "ghg_emissions_int_log_area_energy_star_interaction": 0.13940201128537844,
        "ghg_emissions_int_log_age_ghg_interaction": 1.493717564780506,
        "floor_area_log_electric_eui": 0.21513447195545687,
        "floor_area_log_fuel_eui": 0.31354141829280735,
        "floor_area_log_energy_star_rating_normalized": 0.33054832325596273,
        "floor_area_log_energy_mix": 0.17804371827001297,
        "floor_area_log_building_age_log": 3.799587165059071,
        "floor_area_log_floor_area_squared": 6.845279590577839,
        "floor_area_log_energy_intensity_ratio": 1.3764675311451509,
        "floor_area_log_building_age_squared": 3.800771997661843,
        "floor_area_log_energy_star_rating_squared": 0.29554721968820985,
        "floor_area_log_ghg_per_area": 1.2412431806540658,
        "floor_area_log_age_energy_star_interaction": 0.4047109042981969,
        "floor_area_log_area_energy_star_interaction": 0.6944055856756526,
        "floor_area_log_age_ghg_interaction": 0.1119488891457463,
        "electric_eui_energy_star_rating_normalized": 0.3489666192222103,
        "electric_eui_energy_mix": 0.5133504697617672,
        "electric_eui_building_age_log": 0.28957720047096025,
        "electric_eui_floor_area_squared": 0.22938440022979112,
        "electric_eui_building_age_squared": 0.2883303286050971,
        "electric_eui_energy_star_rating_squared": 0.3196928024765775,
        "electric_eui_age_energy_star_interaction": 0.2908567014715029,
        "electric_eui_area_energy_star_interaction": 0.1353439550523703,
        "electric_eui_age_ghg_interaction": 0.3186752573516518,
        "fuel_eui_energy_star_rating_normalized": 0.15771974709073078,
        "fuel_eui_energy_mix": 0.5452049129337908,
        "fuel_eui_building_age_log": 0.26210219150964686,
        "fuel_eui_floor_area_squared": 0.3174012056666493,
        "fuel_eui_energy_intensity_ratio": 0.10031240834568145,
        "fuel_eui_building_age_squared": 0.26404459083953746,
        "fuel_eui_energy_star_rating_squared": 0.11688034271216807,
        "fuel_eui_age_ghg_interaction": 0.19021896050274023,
        "energy_star_rating_normalized_building_age_log": 0.19246687692768383,
        "energy_star_rating_normalized_floor_area_squared": 0.26188553641683576,
        "energy_star_rating_normalized_energy_intensity_ratio": 0.13217794020331475,
        "energy_star_rating_normalized_building_age_squared": 0.19498320075191433,
        "energy_star_rating_normalized_energy_star_rating_squared": 4.194307126281641,
        "energy_star_rating_normalized_ghg_per_area": 0.1243208036761354,
        "energy_star_rating_normalized_age_energy_star_interaction": 2.5003311052875223,
        "energy_star_rating_normalized_area_energy_star_interaction": 1.6086635690563438,
        "energy_star_rating_normalized_age_ghg_interaction": 0.19898294920007586,
        "energy_mix_building_age_log": 0.20001841035239742,
        "energy_mix_floor_area_squared": 0.2041175465581926,
        "energy_mix_building_age_squared": 0.19726133740581275,
        "building_age_log_floor_area_squared": 3.8070460741398957,
        "building_age_log_energy_intensity_ratio": 0.47477032171822753,
        "building_age_log_building_age_squared": 4.212491640058065,
        "building_age_log_energy_star_rating_squared": 0.15082403442926307,
        "building_age_log_ghg_per_area": 0.4190213605339048,
        "building_age_log_age_energy_star_interaction": 1.4700132549983587,
        "building_age_log_area_energy_star_interaction": 0.26743540245246056,
        "building_age_log_age_ghg_interaction": 0.23096587681884628,
        "floor_area_squared_energy_intensity_ratio": 1.3760004538158412,
        "floor_area_squared_building_age_squared": 3.800993510344921,
        "floor_area_squared_energy_star_rating_squared": 0.29355019017420236,
        "floor_area_squared_ghg_per_area": 1.2415249742920667,
        "floor_area_squared_age_energy_star_interaction": 0.40571090048670744,
        "floor_area_squared_area_energy_star_interaction": 0.6964152121791471,
        "floor_area_squared_age_ghg_interaction": 0.11207808882227699,
        "energy_intensity_ratio_building_age_squared": 0.5341509574982322,
        "energy_intensity_ratio_energy_star_rating_squared": 0.16862477106433094,
        "energy_intensity_ratio_ghg_per_area": 2.3440837432530164,
        "energy_intensity_ratio_age_energy_star_interaction": 0.1350513964534521,
        "energy_intensity_ratio_area_energy_star_interaction": 0.2884426355865708,
        "energy_intensity_ratio_age_ghg_interaction": 0.10732853903632389,
        "building_age_squared_energy_star_rating_squared": 0.15310071049104224,
        "building_age_squared_ghg_per_area": 0.41970756141607346,