{
    "fold": 3.0,
    "rmse": 6.240343772824978,
    "mae": 3.922521246047085,
    "r2": 0.9455303857802179,
    "mean_std": 3.0288027339940644,
    "crps": 2.4081198790500533,
    "picp_50": 0.4153417535274717,
    "picp_80": 0.6530949999586706,
    "picp_90": 0.7445165689913125,
    "picp_95": 0.8037918151084072,
    "picp_99": 0.8779818811529273
}