{
    "fold": 3.0,
    "rmse": 6.240343773340895,
    "mae": 3.9225212461935604,
    "r2": 0.9455303857710564,
    "mean_std": 3.0266806538806064,
    "crps": 2.409180919253257,
    "picp_50": 0.41598467502624425,
    "picp_80": 0.6541241041833706,
    "picp_90": 0.7467022375784228,
    "picp_95": 0.8045629406756545,
    "picp_99": 0.878110167880376
}