floor_area,ghg_emissions_int,fuel_eui,electric_eui
9.966866113245487213e-03
3.402784094214439392e-02
1.660408265888690948e-02
1.597193628549575806e-02
