{
    "feature_importance": {
        "ghg_emissions_int_log": 0.06513519690413706,
        "floor_area_log": 0.18998251580236894,
        "electric_eui": 0.02858815177475112,
        "fuel_eui": 0.033188547702953576,
        "energy_star_rating_normalized": 0.053988209291680356,
        "energy_mix": 0.0002545144415473061,
        "building_age_log": 0.13786028353503044,
        "floor_area_squared": 0.18472282721300765,
        "energy_intensity_ratio": 0.050056297068746085,
        "building_age_squared": 0.11442578465190702,
        "energy_star_rating_squared": 0.0005705991508544511,
        "ghg_per_area": 0.053574817821018694,
        "age_energy_star_interaction": 0.02938481185001165,
        "area_energy_star_interaction": 0.024526922717200635,
        "age_ghg_interaction": 0.03374161028323361
    },
    "feature_importance_std": {
        "ghg_emissions_int_log": 9.404386805251349e-07,
        "floor_area_log": 1.0125326307719367e-06,
        "electric_eui": 9.78011904373516e-07,
        "fuel_eui": 9.18084704972016e-07,
        "energy_star_rating_normalized": 8.625515253458166e-07,
        "energy_mix": 1.0720914460375119e-06,
        "building_age_log": 9.568033856806179e-07,
        "floor_area_squared": 1.021963569840488e-06,
        "energy_intensity_ratio": 9.300707453399818e-07,
        "building_age_squared": 1.0000696724933984e-06,
        "energy_star_rating_squared": 1.0172205727875783e-06,
        "ghg_per_area": 1.0739970245519142e-06,
        "age_energy_star_interaction": 9.691700453960538e-07,
        "area_energy_star_interaction": 1.1113084634692736e-06,
        "age_ghg_interaction": 9.207390558079894e-07
    },
    "target_correlations": {
        "ghg_emissions_int_log": 0.9389433883352163,
        "floor_area_log": 0.1835703020939087,
        "electric_eui": 0.6983235607878786,
        "fuel_eui": 0.6256201357383205,
        "energy_star_rating_normalized": -0.5150949545386211,
        "energy_mix": 0.21437659311228624,
        "building_age_log": -0.18122647000694683,
        "floor_area_squared": 0.1835699954781761,
        "energy_intensity_ratio": 0.24251462175185948,
        "building_age_squared": -0.1806112506387019,
        "energy_star_rating_squared": -0.5779048127501762,
        "ghg_per_area": 0.27828524793265663,
        "age_energy_star_interaction": -0.5354267951955604,
        "area_energy_star_interaction": -0.43498596017219754,
        "age_ghg_interaction": 0.7733968940140836
    },
    "interaction_strength": {
        "ghg_emissions_int_log_floor_area_log": 0.13118728260479084,
        "ghg_emissions_int_log_electric_eui": 0.5610133646683959,
        "ghg_emissions_int_log_fuel_eui": 0.23501974873173737,
        "ghg_emissions_int_log_energy_star_rating_normalized": 0.3601835641037425,
        "ghg_emissions_int_log_building_age_log": 0.23266152133364404,
        "ghg_emissions_int_log_floor_area_squared": 0.13090172248934007,
        "ghg_emissions_int_log_building_age_squared": 0.23253756797751635,
        "ghg_emissions_int_log_energy_star_rating_squared": 0.3233718961631471,
        "ghg_emissions_int_log_ghg_per_area": 0.18041548942083274,
        "ghg_emissions_int_log_age_energy_star_interaction": 0.2549682852074939,
        "ghg_emissions_int_log_area_energy_star_interaction": 0.1395123511119314,
        "ghg_emissions_int_log_age_ghg_interaction": 1.4947407337538623,
        "floor_area_log_electric_eui": 0.21629239811924972,
        "floor_area_log_fuel_eui": 0.3153539670428085,
        "floor_area_log_energy_star_rating_normalized": 0.33035956057723137,
        "floor_area_log_energy_mix": 0.1783718342785532,
        "floor_area_log_building_age_log": 3.802747369908513,
        "floor_area_log_floor_area_squared": 6.845193867719839,
        "floor_area_log_energy_intensity_ratio": 1.3764477544813625,
        "floor_area_log_building_age_squared": 3.8012553679441217,
        "floor_area_log_energy_star_rating_squared": 0.2936609862818713,
        "floor_area_log_ghg_per_area": 1.2410641254604755,
        "floor_area_log_age_energy_star_interaction": 0.4037979987644169,
        "floor_area_log_area_energy_star_interaction": 0.6956286685636801,
        "floor_area_log_age_ghg_interaction": 0.11185896970276676,
        "electric_eui_energy_star_rating_normalized": 0.3484271049698906,
        "electric_eui_energy_mix": 0.5133487238000818,
        "electric_eui_building_age_log": 0.28981747260230417,
        "electric_eui_floor_area_squared": 0.22929893402417978,
        "electric_eui_building_age_squared": 0.28850725290731294,
        "electric_eui_energy_star_rating_squared": 0.31839495386502303,
        "electric_eui_age_energy_star_interaction": 0.29096767534748924,
        "electric_eui_area_energy_star_interaction": 0.13553620962586432,
        "electric_eui_age_ghg_interaction": 0.3189592738870264,
        "fuel_eui_energy_star_rating_normalized": 0.15863501897363896,
        "fuel_eui_energy_mix": 0.5455959221753846,
        "fuel_eui_building_age_log": 0.26015001966081375,
        "fuel_eui_floor_area_squared": 0.3182664663231467,
        "fuel_eui_building_age_squared": 0.26329173432310427,
        "fuel_eui_energy_star_rating_squared": 0.1136763133753762,
        "fuel_eui_age_ghg_interaction": 0.18998628320758382,
        "energy_star_rating_normalized_building_age_log": 0.19086383873813428,
        "energy_star_rating_normalized_floor_area_squared": 0.2574196604448362,
        "energy_star_rating_normalized_energy_intensity_ratio": 0.13161808869069525,
        "energy_star_rating_normalized_building_age_squared": 0.20041229472524424,
        "energy_star_rating_normalized_energy_star_rating_squared": 4.198057964164119,
        "energy_star_rating_normalized_ghg_per_area": 0.12467131510858565,
        "energy_star_rating_normalized_age_energy_star_interaction": 2.493128478301687,
        "energy_star_rating_normalized_area_energy_star_interaction": 1.6062540941081926,
        "energy_star_rating_normalized_age_ghg_interaction": 0.19969520345070357,
        "energy_mix_building_age_log": 0.19802762500232962,
        "energy_mix_floor_area_squared": 0.20423401292247867,
        "energy_mix_building_age_squared": 0.1974844717462707,
        "building_age_log_floor_area_squared": 3.808818761614579,
        "building_age_log_energy_intensity_ratio": 0.4744142591600857,
        "building_age_log_building_age_squared": 4.212491640058065,
        "building_age_log_energy_star_rating_squared": 0.1482531949011019,
        "building_age_log_ghg_per_area": 0.41576722484132755,
        "building_age_log_age_energy_star_interaction": 1.4696374476164324,
        "building_age_log_area_energy_star_interaction": 0.2689785640768285,
        "building_age_log_age_ghg_interaction": 0.22829972662954479,
        "floor_area_squared_energy_intensity_ratio": 1.3764909568100947,
        "floor_area_squared_building_age_squared": 3.804308592085653,
        "floor_area_squared_energy_star_rating_squared": 0.29490372918393337,
        "floor_area_squared_ghg_per_area": 1.2409266361659936,
        "floor_area_squared_age_energy_star_interaction": 0.4056432962184564,
        "floor_area_squared_area_energy_star_interaction": 0.6952811514878743,
        "floor_area_squared_age_ghg_interaction": 0.11220204667486122,
        "energy_intensity_ratio_building_age_squared": 0.5341338561897908,
        "energy_intensity_ratio_energy_star_rating_squared": 0.1686005044273422,
        "energy_intensity_ratio_ghg_per_area": 2.3440850658603893,
        "energy_intensity_ratio_age_energy_star_interaction": 0.13510791582604753,
        "energy_intensity_ratio_area_energy_star_interaction": 0.28849791159715643,
        "energy_intensity_ratio_age_ghg_interaction": 0.10733439720339089,
        "building_age_squared_energy_star_rating_squared": 0.1451504754987214,
        "building_age_squared_ghg_per_area": 0.41887328771388077,
        "building_age_squared_age_energy_star_interaction": 1.4732189937494344,