{
    "feature_importance": {
        "ghg_emissions_int_log": 0.07612914911323033,
        "floor_area_log": 0.4158440287182757,
        "electric_eui": 0.03491768026177991,
        "fuel_eui": 0.04129639033038438,
        "energy_star_rating_normalized": 0.007708471787631081,
        "energy_mix": 0.0016523832943045045,
        "building_age_log": 0.0028581106549908017,
        "floor_area_squared": 0.41872375852199,
        "energy_intensity_ratio": 0.0002638651664697564,
        "building_age_squared": 1.3901150817765094e-07,
        "energy_star_rating_squared": 0.00012287290313716615,
        "ghg_per_area": 0.00010799412124484321,
        "age_energy_star_interaction": 0.00011597400294182926,
        "area_energy_star_interaction": 6.281886509223861e-06,
        "age_ghg_interaction": 0.00025396450958252523
    },
    "feature_importance_std": {
        "ghg_emissions_int_log": 9.677030271058975e-07,
        "floor_area_log": 1.0670932464215886e-06,
        "electric_eui": 9.931755067686963e-07,
        "fuel_eui": 9.79025951358225e-07,
        "energy_star_rating_normalized": 1.006654032055465e-06,
        "energy_mix": 9.020727311224837e-07,
        "building_age_log": 1.068943025317859e-06,
        "floor_area_squared": 9.826322677424413e-07,
        "energy_intensity_ratio": 9.356905490517801e-07,
        "building_age_squared": 9.266636014516977e-07,
        "energy_star_rating_squared": 9.415501090481128e-07,
        "ghg_per_area": 1.0422162661158556e-06,
        "age_energy_star_interaction": 9.444924738314351e-07,
        "area_energy_star_interaction": 9.503601131641185e-07,
        "age_ghg_interaction": 9.880808337424074e-07
    },
    "target_correlations": {
        "ghg_emissions_int_log": 0.9389433883352163,
        "floor_area_log": 0.1835703020939087,
        "electric_eui": 0.6983235607878786,
        "fuel_eui": 0.6256201357383205,
        "energy_star_rating_normalized": -0.5150949545386211,
        "energy_mix": 0.21437659311228624,
        "building_age_log": -0.18122647000694683,
        "floor_area_squared": 0.1835699954781761,
        "energy_intensity_ratio": 0.24251462175185948,
        "building_age_squared": -0.1806112506387019,
        "energy_star_rating_squared": -0.5779048127501762,
        "ghg_per_area": 0.27828524793265663,
        "age_energy_star_interaction": -0.5354267951955604,
        "area_energy_star_interaction": -0.43498596017219754,
        "age_ghg_interaction": 0.7733968940140836
    },
    "interaction_strength": {
        "ghg_emissions_int_log_floor_area_log": 0.13104141283547754,
        "ghg_emissions_int_log_electric_eui": 0.5608530474202649,
        "ghg_emissions_int_log_fuel_eui": 0.23502666676514572,
        "ghg_emissions_int_log_energy_star_rating_normalized": 0.36083191808762916,
        "ghg_emissions_int_log_building_age_log": 0.23220670128622878,
        "ghg_emissions_int_log_floor_area_squared": 0.1311789901549778,
        "ghg_emissions_int_log_building_age_squared": 0.23258249823621924,
        "ghg_emissions_int_log_energy_star_rating_squared": 0.3240329885503135,
        "ghg_emissions_int_log_ghg_per_area": 0.18043876848327933,
        "ghg_emissions_int_log_age_energy_star_interaction": 0.2552788625664535,
        "ghg_emissions_int_log_area_energy_star_interaction": 0.13899793791661086,
        "ghg_emissions_int_log_age_ghg_interaction": 1.4941453582558566,
        "floor_area_log_electric_eui": 0.21562453187866826,
        "floor_area_log_fuel_eui": 0.3160103176893134,
        "floor_area_log_energy_star_rating_normalized": 0.33288383672529953,
        "floor_area_log_energy_mix": 0.1788240456803516,
        "floor_area_log_building_age_log": 3.8040647585293588,
        "floor_area_log_floor_area_squared": 6.845371895726721,
        "floor_area_log_energy_intensity_ratio": 1.3768155399681854,
        "floor_area_log_building_age_squared": 3.8040495176070435,
        "floor_area_log_energy_star_rating_squared": 0.29368003241190177,
        "floor_area_log_ghg_per_area": 1.242083271020677,
        "floor_area_log_age_energy_star_interaction": 0.4042985223905271,
        "floor_area_log_area_energy_star_interaction": 0.6957926583459457,
        "floor_area_log_age_ghg_interaction": 0.11197235360295466,
        "electric_eui_energy_star_rating_normalized": 0.3490465621146699,
        "electric_eui_energy_mix": 0.5141164100205531,
        "electric_eui_building_age_log": 0.2913772897690272,
        "electric_eui_floor_area_squared": 0.22902177856635575,
        "electric_eui_building_age_squared": 0.2916999740039037,
        "electric_eui_energy_star_rating_squared": 0.31833458144897,
        "electric_eui_age_energy_star_interaction": 0.29080087712221925,
        "electric_eui_area_energy_star_interaction": 0.1358630250628048,
        "electric_eui_age_ghg_interaction": 0.31864564220487335,
        "fuel_eui_energy_star_rating_normalized": 0.1648187304151829,
        "fuel_eui_energy_mix": 0.545535274885502,
        "fuel_eui_building_age_log": 0.25716915979041843,
        "fuel_eui_floor_area_squared": 0.31204975015385017,
        "fuel_eui_energy_intensity_ratio": 0.10081719559276525,
        "fuel_eui_building_age_squared": 0.25606455322584676,
        "fuel_eui_energy_star_rating_squared": 0.11175939603701845,
        "fuel_eui_age_ghg_interaction": 0.190354604631918,
        "energy_star_rating_normalized_building_age_log": 0.18909208057138827,
        "energy_star_rating_normalized_floor_area_squared": 0.25897681167545095,
        "energy_star_rating_normalized_energy_intensity_ratio": 0.13199171383514585,
        "energy_star_rating_normalized_building_age_squared": 0.1906977665770473,
        "energy_star_rating_normalized_energy_star_rating_squared": 4.196534939007614,
        "energy_star_rating_normalized_ghg_per_area": 0.12296630873091718,
        "energy_star_rating_normalized_age_energy_star_interaction": 2.502956981568606,
        "energy_star_rating_normalized_area_energy_star_interaction": 1.6099342664857796,
        "energy_star_rating_normalized_age_ghg_interaction": 0.1982397927474704,
        "energy_mix_building_age_log": 0.19939286169917025,
        "energy_mix_floor_area_squared": 0.204401847237623,
        "energy_mix_building_age_squared": 0.19734443275782088,
        "building_age_log_floor_area_squared": 3.8003037573059704,
        "building_age_log_energy_intensity_ratio": 0.47628371235750677,
        "building_age_log_building_age_squared": 4.212491640058065,
        "building_age_log_energy_star_rating_squared": 0.15441045348839122,
        "building_age_log_ghg_per_area": 0.41841094708530147,
        "building_age_log_age_energy_star_interaction": 1.4659859880473314,
        "building_age_log_area_energy_star_interaction": 0.26999386276589643,
        "building_age_log_age_ghg_interaction": 0.22818465964665702,
        "floor_area_squared_energy_intensity_ratio": 1.376620982159026,
        "floor_area_squared_building_age_squared": 3.8015519270972264,
        "floor_area_squared_energy_star_rating_squared": 0.2942561033052691,
        "floor_area_squared_ghg_per_area": 1.2419197537447255,
        "floor_area_squared_age_energy_star_interaction": 0.4056935861613242,
        "floor_area_squared_area_energy_star_interaction": 0.6981068638966494,
        "floor_area_squared_age_ghg_interaction": 0.11207676667623279,
        "energy_intensity_ratio_building_age_squared": 0.5341338561897908,
        "energy_intensity_ratio_energy_star_rating_squared": 0.16836618092999345,
        "energy_intensity_ratio_ghg_per_area": 2.3440874192694054,
        "energy_intensity_ratio_age_energy_star_interaction": 0.1353328958667941,
        "energy_intensity_ratio_area_energy_star_interaction": 0.288318862352404,
        "energy_intensity_ratio_age_ghg_interaction": 0.10732961078799352,
        "building_age_squared_energy_star_rating_squared": 0.14440616799221573,
        "building_age_squared_ghg_per_area": 0.4208594568210655,