{
    "feature_importance": {
        "ghg_emissions_int_log": 0.06541837150041899,
        "floor_area_log": 0.16522897134616238,
        "electric_eui": 0.03279097234638228,
        "fuel_eui": 0.04541079504609447,
        "energy_star_rating_normalized": 0.05549213874463123,
        "energy_mix": 0.003229196733667594,
        "building_age_log": 0.14434485789194926,
        "floor_area_squared": 0.15286192720679928,
        "energy_intensity_ratio": 0.05519154819101955,
        "building_age_squared": 0.11194522161623707,
        "energy_star_rating_squared": 0.0031469535726859356,
        "ghg_per_area": 0.0643929662234139,
        "age_energy_star_interaction": 0.03064103188018258,
        "area_energy_star_interaction": 0.03618238344492675,
        "age_ghg_interaction": 0.03372157630001038
    },
    "feature_importance_std": {
        "ghg_emissions_int_log": 9.287554098837682e-07,
        "floor_area_log": 1.0847917451407826e-06,
        "electric_eui": 1.0158526352551364e-06,
        "fuel_eui": 1.1351113625328446e-06,
        "energy_star_rating_normalized": 1.0732310730364056e-06,
        "energy_mix": 1.0873792167812991e-06,
        "building_age_log": 1.0400572653674642e-06,
        "floor_area_squared": 9.974046954605246e-07,
        "energy_intensity_ratio": 1.0720928734746063e-06,
        "building_age_squared": 9.063832777341378e-07,
        "energy_star_rating_squared": 1.0233096491248223e-06,
        "ghg_per_area": 9.540607165941382e-07,
        "age_energy_star_interaction": 9.618761343049252e-07,
        "area_energy_star_interaction": 9.696389855250883e-07,
        "age_ghg_interaction": 9.153659701828214e-07
    },
    "target_correlations": {
        "ghg_emissions_int_log": 0.9389433883352163,
        "floor_area_log": 0.1835703020939087,
        "electric_eui": 0.6983235607878786,
        "fuel_eui": 0.6256201357383205,
        "energy_star_rating_normalized": -0.5150949545386211,
        "energy_mix": 0.21437659311228624,
        "building_age_log": -0.18122647000694683,
        "floor_area_squared": 0.1835699954781761,
        "energy_intensity_ratio": 0.24251462175185948,
        "building_age_squared": -0.1806112506387019,
        "energy_star_rating_squared": -0.5779048127501762,
        "ghg_per_area": 0.27828524793265663,
        "age_energy_star_interaction": -0.5354267951955604,
        "area_energy_star_interaction": -0.43498596017219754,
        "age_ghg_interaction": 0.7733968940140836
    },
    "interaction_strength": {
        "ghg_emissions_int_log_floor_area_log": 0.130962893000949,
        "ghg_emissions_int_log_electric_eui": 0.5608495240916946,
        "ghg_emissions_int_log_fuel_eui": 0.2352945826787849,
        "ghg_emissions_int_log_energy_star_rating_normalized": 0.3607760945410794,
        "ghg_emissions_int_log_building_age_log": 0.2324772858887707,
        "ghg_emissions_int_log_floor_area_squared": 0.1311380329206644,
        "ghg_emissions_int_log_building_age_squared": 0.23273682725730538,
        "ghg_emissions_int_log_energy_star_rating_squared": 0.32399304890415603,
        "ghg_emissions_int_log_ghg_per_area": 0.18041479512316982,
        "ghg_emissions_int_log_age_energy_star_interaction": 0.2553117976019408,
        "ghg_emissions_int_log_area_energy_star_interaction": 0.13853770883993644,
        "ghg_emissions_int_log_age_ghg_interaction": 1.493784146174237,
        "floor_area_log_electric_eui": 0.21574382052321095,
        "floor_area_log_fuel_eui": 0.3150121530735239,
        "floor_area_log_energy_star_rating_normalized": 0.3328702968687507,
        "floor_area_log_energy_mix": 0.17809513659896936,
        "floor_area_log_building_age_log": 3.8007201433903717,
        "floor_area_log_floor_area_squared": 6.845279590577839,
        "floor_area_log_energy_intensity_ratio": 1.3766197799372621,
        "floor_area_log_building_age_squared": 3.802915647563478,
        "floor_area_log_energy_star_rating_squared": 0.29469153708656304,
        "floor_area_log_ghg_per_area": 1.241788130984025,
        "floor_area_log_age_energy_star_interaction": 0.40411620931818604,
        "floor_area_log_area_energy_star_interaction": 0.6956755039148836,
        "floor_area_log_age_ghg_interaction": 0.11193732654737065,
        "electric_eui_energy_star_rating_normalized": 0.347705312499734,
        "electric_eui_energy_mix": 0.5127165660137569,
        "electric_eui_building_age_log": 0.29047971335630685,
        "electric_eui_floor_area_squared": 0.22923682887279373,
        "electric_eui_building_age_squared": 0.2922724290896417,
        "electric_eui_energy_star_rating_squared": 0.32004442616109685,
        "electric_eui_age_energy_star_interaction": 0.29050390007467186,
        "electric_eui_area_energy_star_interaction": 0.13556504597290697,
        "electric_eui_age_ghg_interaction": 0.3188555886366897,
        "fuel_eui_energy_star_rating_normalized": 0.16069281390229495,
        "fuel_eui_energy_mix": 0.5426840132432549,
        "fuel_eui_building_age_log": 0.2610175003569344,
        "fuel_eui_floor_area_squared": 0.31441923771169566,
        "fuel_eui_building_age_squared": 0.26070945211039387,
        "fuel_eui_energy_star_rating_squared": 0.11635567132707614,
        "fuel_eui_age_ghg_interaction": 0.19109387804690936,
        "energy_star_rating_normalized_building_age_log": 0.19508245840327643,
        "energy_star_rating_normalized_floor_area_squared": 0.2596134989579193,
        "energy_star_rating_normalized_energy_intensity_ratio": 0.13143304716413962,
        "energy_star_rating_normalized_building_age_squared": 0.18644415744822318,
        "energy_star_rating_normalized_energy_star_rating_squared": 4.194277713090261,
        "energy_star_rating_normalized_ghg_per_area": 0.12275753538840029,
        "energy_star_rating_normalized_age_energy_star_interaction": 2.498065387267443,
        "energy_star_rating_normalized_area_energy_star_interaction": 1.6094710808380377,
        "energy_star_rating_normalized_age_ghg_interaction": 0.2011770690524104,
        "energy_mix_building_age_log": 0.20113018173722974,
        "energy_mix_floor_area_squared": 0.20391037704895698,
        "energy_mix_building_age_squared": 0.20036486251244945,
        "building_age_log_floor_area_squared": 3.7933477241780853,
        "building_age_log_energy_intensity_ratio": 0.476919046023343,
        "building_age_log_building_age_squared": 4.212491640058065,
        "building_age_log_energy_star_rating_squared": 0.14750005317391057,
        "building_age_log_ghg_per_area": 0.41957715319212774,
        "building_age_log_age_energy_star_interaction": 1.4790285791091886,
        "building_age_log_area_energy_star_interaction": 0.27065393906664603,
        "building_age_log_age_ghg_interaction": 0.22508394616820748,
        "floor_area_squared_energy_intensity_ratio": 1.3764131695846435,
        "floor_area_squared_building_age_squared": 3.8020269082020137,
        "floor_area_squared_energy_star_rating_squared": 0.29209146143928333,
        "floor_area_squared_ghg_per_area": 1.2413787557148313,
        "floor_area_squared_age_energy_star_interaction": 0.4040731496237928,
        "floor_area_squared_area_energy_star_interaction": 0.696108670473631,
        "floor_area_squared_age_ghg_interaction": 0.11212738993823024,
        "energy_intensity_ratio_building_age_squared": 0.5341655242330718,
        "energy_intensity_ratio_energy_star_rating_squared": 0.16831047334908789,
        "energy_intensity_ratio_ghg_per_area": 2.3440840843009467,
        "energy_intensity_ratio_age_energy_star_interaction": 0.1348400329673085,
        "energy_intensity_ratio_area_energy_star_interaction": 0.2883210692955034,
        "energy_intensity_ratio_age_ghg_interaction": 0.1073331614267845,
        "building_age_squared_energy_star_rating_squared": 0.1452266352998448,
        "building_age_squared_ghg_per_area": 0.41895763448580503,
        "building_age_squared_age_energy_star_interaction": 1.4777444789201426,