{
    "ghg_emissions_int_log": 0.0654176419090671,
    "floor_area_log": 0.16522835841509398,
    "electric_eui": 0.03279224265606866,
    "fuel_eui": 0.045410389845613214,
    "energy_star_rating_normalized": 0.05549137033622176,
    "energy_mix": 0.003226902567006984,
    "building_age_log": 0.14434757128774414,
    "floor_area_squared": 0.1528613565026603,
    "energy_intensity_ratio": 0.05519269736691479,
    "building_age_squared": 0.11194592872482133,
    "energy_star_rating_squared": 0.0031467949297836082,
    "ghg_per_area": 0.06438951896571216,
    "age_energy_star_interaction": 0.030640749414267615,
    "area_energy_star_interaction": 0.03618367437630191,
    "age_ghg_interaction": 0.03372138987571186
}