{
    "ghg_emissions_int_log": 0.06513388132636347,
    "floor_area_log": 0.18998328528820227,
    "electric_eui": 0.028589024922274896,
    "fuel_eui": 0.03318943149418269,
    "energy_star_rating_normalized": 0.05398804411470711,
    "energy_mix": 0.0002572022647426522,
    "building_age_log": 0.13785947832618442,
    "floor_area_squared": 0.18472318281385242,
    "energy_intensity_ratio": 0.0500569179654386,
    "building_age_squared": 0.11442548259062525,
    "energy_star_rating_squared": 0.0005701268584548598,
    "ghg_per_area": 0.053574955031894696,
    "age_energy_star_interaction": 0.029384653934032067,
    "area_energy_star_interaction": 0.02452406389491203,
    "age_ghg_interaction": 0.03374272213539864
}