{
    "fold": 2.0,
    "rmse": 7.7836866772465,
    "mae": 5.395555174706164,
    "r2": 0.9153094223851711,
    "mean_std": 3.425669309589497,
    "crps": 3.6827205199114155,
    "picp_50": 0.32403737349210204,
    "picp_80": 0.5477733955299088,
    "picp_90": 0.6447255213069693,
    "picp_95": 0.7154464020733249,
    "picp_99": 0.8203708861623332
}