{
    "fold": 2.0,
    "rmse": 7.480446812622539,
    "mae": 5.137907987872064,
    "r2": 0.9219108155912582,
    "mean_std": 3.2897904975382986,
    "crps": 3.4930127391029155,
    "picp_50": 0.3214665473203417,
    "picp_80": 0.5569066329259371,
    "picp_90": 0.661702417001138,
    "picp_95": 0.7334517571841886,
    "picp_99": 0.8251319435517276
}