{
    "fold": 2.0,
    "rmse": 6.6870919091138425,
    "mae": 4.294162446181525,
    "r2": 0.9374372151229404,
    "mean_std": 2.944790465989477,
    "crps": 2.8217672131867864,
    "picp_50": 0.3496268046767254,
    "picp_80": 0.6123283801434377,
    "picp_90": 0.7119804288691142,
    "picp_95": 0.7814143590927776,
    "picp_99": 0.8592042183053774
}