{
    "ghg_emissions_int_log": 0.1611985724001242,
    "floor_area_log": 1.7140009061756043,
    "electric_eui": 5.117581397813262,
    "fuel_eui": 6.607839049310419,
    "energy_star_rating_normalized": 0.058271544630704865,
    "energy_mix": 0.0,
    "building_age_log": 0.5333893891075506,
    "floor_area_squared": 3.176131449639154,
    "energy_intensity_ratio": 0.0,
    "building_age_squared": 0.8389829280178572,
    "energy_star_rating_squared": 3.6234166738014826e-05,
    "ghg_per_area": 0.0,
    "age_energy_star_interaction": 0.29422784300131405,
    "area_energy_star_interaction": 0.9141926104218563,
    "age_ghg_interaction": 0.4387224007627553
}