{
    "ghg_emissions_int_log": 0.2087563563550365,
    "floor_area_log": 0.0026914042606141562,
    "electric_eui": 0.15461857392901754,
    "fuel_eui": 0.18119221732710117,
    "energy_star_rating_normalized": 0.003280814694776174,
    "energy_mix": 0.005034396550683871,
    "building_age_log": 0.008583036620190573,
    "floor_area_squared": 0.00818503317427022,
    "energy_intensity_ratio": 0.16578957534769062,
    "building_age_squared": 0.0023928949837355067,
    "energy_star_rating_squared": 0.06133326388476355,
    "ghg_per_area": 0.19814306342206056
}