{
    "r_hat": {
        "weight_0": 335.35398599488406,
        "weight_1": 352.122091240849,
        "weight_2": 116.32430216139437,
        "weight_3": 36.102715728198234,
        "weight_4": 140.5395953024946,
        "weight_5": 107.83755105073926,
        "weight_6": 191.75173723152858,
        "weight_7": 47.36540936248293,
        "weight_8": 95.79231073492878,
        "weight_9": 129.01058813654646,
        "weight_10": 101.77921630596158,
        "weight_11": 123.33107917906634
    },
    "ess": {
        "weight_0": 1.1110715987669904,
        "weight_1": 6.055730271770464,
        "weight_2": 1.0545622529827587,
        "weight_3": 1.0042440375903985,
        "weight_4": 4.510977315519682,
        "weight_5": 4.39048058750547,
        "weight_6": 6.290221947738507,
        "weight_7": 2.975640891812879,
        "weight_8": 1.0821253060446856,
        "weight_9": 4.653478425000756,
        "weight_10": 1.3911449787460277,
        "weight_11": 1.0707200252054565
    }
}