{
    "r_hat": {
        "weight_0": 139.70891292485572,
        "weight_1": 180.96719038214746,
        "weight_2": 348.83913669426767,
        "weight_3": 51.94768921425409,
        "weight_4": 151.60077565598212,
        "weight_5": 87.68864433007825,
        "weight_6": 85.64940281092107,
        "weight_7": 94.30170379958861,
        "weight_8": 87.76902592967157,
        "weight_9": 196.52970841286708,
        "weight_10": 175.22223255450268,
        "weight_11": 28.46956066246373
    },
    "ess": {
        "weight_0": 1.0143892330880098,
        "weight_1": 5.823650988778267,
        "weight_2": 1.1073124219328392,
        "weight_3": 1.0071993012635132,
        "weight_4": 2.580478012023774,
        "weight_5": 3.209079963390868,
        "weight_6": 1.650711187143063,
        "weight_7": 4.960445992598199,
        "weight_8": 1.0388882164239717,
        "weight_9": 3.7602159119546665,
        "weight_10": 1.330506037177959,
        "weight_11": 1.0039997130408052
    }
}