{
    "r_hat": {
        "weight_0": 156.53405001120953,
        "weight_1": 52.32202285888015,
        "weight_2": 85.50903747115818,
        "weight_3": 275.8759309475935,
        "weight_4": 47.74580971517432,
        "weight_5": 45.648144821152265,
        "weight_6": 154.23461584843747,
        "weight_7": 249.05319952593234,
        "weight_8": 30.515117200350012,
        "weight_9": 195.98528069841623,
        "weight_10": 73.70295836018504,
        "weight_11": 90.09172464400413
    },
    "ess": {
        "weight_0": 1.0395403970878376,
        "weight_1": 5.691953335090977,
        "weight_2": 1.0432540603561755,
        "weight_3": 1.0248087761933389,
        "weight_4": 1.2756234792966303,
        "weight_5": 2.4470402596562892,
        "weight_6": 2.1754891858252248,
        "weight_7": 4.7166685981603065,
        "weight_8": 1.0068211439070327,
        "weight_9": 4.599248772229336,
        "weight_10": 3.989925235847196,
        "weight_11": 1.0684693319518006
    }
}