{
    "r_hat": {
        "weight_0": 101.45139255896203,
        "weight_1": 77.10930651179319,
        "weight_2": 79.67075996952929,
        "weight_3": 35.26307202539413,
        "weight_4": 36.34504811948059,
        "weight_5": 46.051397565533726,
        "weight_6": 113.27472279455209,
        "weight_7": 154.71650655443082,
        "weight_8": 70.02591783511446,
        "weight_9": 66.94303613492872,
        "weight_10": 97.49103413267274,
        "weight_11": 198.12541961192883
    },
    "ess": {
        "weight_0": 1.011629636076628,
        "weight_1": 1.3023019275201122,
        "weight_2": 1.0243136861822069,
        "weight_3": 1.0097772042878443,
        "weight_4": 1.1010449252832986,
        "weight_5": 2.526741792419571,
        "weight_6": 5.336665298410674,
        "weight_7": 4.875859243396356,
        "weight_8": 1.0054203755966962,
        "weight_9": 3.3600312573866593,
        "weight_10": 1.09397648169546,
        "weight_11": 1.0345993916069316
    }
}