{
    "r_hat": {
        "weight_0": 101.95890254438837,
        "weight_1": 434.1827554625728,
        "weight_2": 320.7373763121515,
        "weight_3": 189.76068612712731,
        "weight_4": 444.00419056014096,
        "weight_5": 502.06468821330577,
        "weight_6": 171.99542921020478,
        "weight_7": 111.35146412292234,
        "weight_8": 146.9820417521077,
        "weight_9": 386.75614371642365,
        "weight_10": 398.8378897673647,
        "weight_11": 448.3864706212894
    },
    "ess": {
        "weight_0": 1.0084981783700817,
        "weight_1": 3.631674636428627,
        "weight_2": 1.0310588662317481,
        "weight_3": 1.0158434171459316,
        "weight_4": 4.852129924393219,
        "weight_5": 3.931228335186162,
        "weight_6": 1.0144954695320616,
        "weight_7": 1.3799341781837886,
        "weight_8": 1.0041010121528056,
        "weight_9": 1.1410850204754652,
        "weight_10": 4.917654759302956,
        "weight_11": 1.0891856841884135
    }
}