{
    "r_hat": {
        "weight_0": 137.3109940994579,
        "weight_1": 99.56412555862,
        "weight_2": 60.390587851166856,
        "weight_3": 148.84006737918466,
        "weight_4": 141.11213694129873,
        "weight_5": 42.70283118915072,
        "weight_6": 60.064122141174124,
        "weight_7": 35.62203110277509,
        "weight_8": 58.84226278477797,
        "weight_9": 140.0076183688653,
        "weight_10": 240.3349411370821,
        "weight_11": 63.63512710673585
    },
    "ess": {
        "weight_0": 1.01562458264658,
        "weight_1": 1.6538292872198794,
        "weight_2": 1.010893733790971,
        "weight_3": 1.0406380470502536,
        "weight_4": 5.010189863848167,
        "weight_5": 1.5091745852079825,
        "weight_6": 2.603009546406742,
        "weight_7": 6.451826736650362,
        "weight_8": 1.0179466553065797,
        "weight_9": 5.535083681178584,
        "weight_10": 1.6658608727911308,
        "weight_11": 1.0251611146637971
    }
}