{
    "r_hat": {
        "weight_0": 348.48748286766835,
        "weight_1": 168.46625413552198,
        "weight_2": 47.06012566832294,
        "weight_3": 149.8623823292732,
        "weight_4": 19.342878280900127,
        "weight_5": 180.73787254904107,
        "weight_6": 109.91659873610723,
        "weight_7": 91.80403333447704,
        "weight_8": 54.38439850843575,
        "weight_9": 113.55252231042986,
        "weight_10": 148.89117602741652,
        "weight_11": 44.243213843427746
    },
    "ess": {
        "weight_0": 1.050461593095292,
        "weight_1": 4.727528959509215,
        "weight_2": 1.0054710660568817,
        "weight_3": 1.0225907106011278,
        "weight_4": 1.1601710892147925,
        "weight_5": 6.071913118583033,
        "weight_6": 6.858688319211293,
        "weight_7": 5.613782972538162,
        "weight_8": 1.0293068889064234,
        "weight_9": 3.8225274471108306,
        "weight_10": 1.2523301305809558,
        "weight_11": 1.036352924621269
    }
}