{
    "r_hat": {
        "weight_0": 60.83394345290093,
        "weight_1": 95.05365347641174,
        "weight_2": 103.20030554713969,
        "weight_3": 87.23968758141433,
        "weight_4": 98.62694104737535,
        "weight_5": 41.33025051841236,
        "weight_6": 139.90541587585807,
        "weight_7": 170.6047153893739,
        "weight_8": 44.45193818515453,
        "weight_9": 59.087279876709616,
        "weight_10": 92.26791337270124,
        "weight_11": 57.18642051312805
    },
    "ess": {
        "weight_0": 1.0074367955086019,
        "weight_1": 2.0799644607291152,
        "weight_2": 1.0125865002051782,
        "weight_3": 1.04088384709725,
        "weight_4": 2.7654231334554518,
        "weight_5": 4.4637474799963375,
        "weight_6": 3.491184379285382,
        "weight_7": 5.554567153543153,
        "weight_8": 1.0074741329182018,
        "weight_9": 2.5799167820090223,
        "weight_10": 1.080894830915261,
        "weight_11": 1.0136752927340118
    }
}