{
    "r_hat": {
        "weight_0": 185.70488704209748,
        "weight_1": 115.17487111595496,
        "weight_2": 228.59760759287965,
        "weight_3": 73.27802795697896,
        "weight_4": 148.01704261571012,
        "weight_5": 113.64141855679941,
        "weight_6": 38.324539319148194,
        "weight_7": 315.96790379464585,
        "weight_8": 137.97210910918074,
        "weight_9": 117.02292357779022,
        "weight_10": 228.27396787655522,
        "weight_11": 130.89969818449373
    },
    "ess": {
        "weight_0": 1.0224852720411837,
        "weight_1": 6.962441283351413,
        "weight_2": 1.0267185159722676,
        "weight_3": 1.0192203800488873,
        "weight_4": 4.035808934176732,
        "weight_5": 3.0699761878993197,
        "weight_6": 6.723029076684819,
        "weight_7": 4.58125139242966,
        "weight_8": 1.0405796251122208,
        "weight_9": 4.935827173107489,
        "weight_10": 1.4248218191072892,
        "weight_11": 1.012800885718217
    }
}