{
    "r_hat": {
        "weight_0": 130.13535678747436,
        "weight_1": 183.70995279483034,
        "weight_2": 123.5463314119449,
        "weight_3": 31.697484884695747,
        "weight_4": 91.15072973884722,
        "weight_5": 69.52730993195716,
        "weight_6": 268.2628270736141,
        "weight_7": 69.76784248222661,
        "weight_8": 88.40835100449766,
        "weight_9": 265.2112958422844,
        "weight_10": 118.95936702540435,
        "weight_11": 27.71138811795188
    },
    "ess": {
        "weight_0": 1.0182968834983157,
        "weight_1": 3.954123889378892,
        "weight_2": 1.0318905198122652,
        "weight_3": 1.0041644854818579,
        "weight_4": 6.5659965299668945,
        "weight_5": 1.6276833580071548,
        "weight_6": 4.884232788578226,
        "weight_7": 1.6431256030932866,
        "weight_8": 1.3477229627829355,
        "weight_9": 4.960743658625066,
        "weight_10": 1.254274784984355,
        "weight_11": 1.0152872169878349
    }
}