{
    "r_hat": {
        "weight_0": 65.94396874679221,
        "weight_1": 549.27474203605,
        "weight_2": 117.99925423162702,
        "weight_3": 109.78556760062753,
        "weight_4": 118.81149342638138,
        "weight_5": 35.07896118019013,
        "weight_6": 162.75793440176096,
        "weight_7": 154.6045775061781,
        "weight_8": 111.72284031157596,
        "weight_9": 438.24913106547604,
        "weight_10": 63.1006940731327,
        "weight_11": 98.17198569557102
    },
    "ess": {
        "weight_0": 1.015182472759511,
        "weight_1": 3.989020287764711,
        "weight_2": 1.0552199334868,
        "weight_3": 1.0863834660388083,
        "weight_4": 2.1712531094543803,
        "weight_5": 4.4979695018821975,
        "weight_6": 1.4163212273848127,
        "weight_7": 3.063513175645817,
        "weight_8": 1.0403090987842893,
        "weight_9": 5.6212577666113726,
        "weight_10": 1.4420310399713352,
        "weight_11": 1.029197715483171
    }
}