{
    "r_hat": {
        "weight_0": 51.585660161212054,
        "weight_1": 69.81436694172734,
        "weight_2": 48.499736665599556,
        "weight_3": 151.25079840745184,
        "weight_4": 30.909297404225914,
        "weight_5": 69.40808152227437,
        "weight_6": 41.69851986986137,
        "weight_7": 65.78588079925566,
        "weight_8": 180.05873893331494,
        "weight_9": 63.16886305340453,
        "weight_10": 188.71248941443193,
        "weight_11": 73.13997172875423
    },
    "ess": {
        "weight_0": 1.0106482503341285,
        "weight_1": 1.6672590807733203,
        "weight_2": 1.0206756628103906,
        "weight_3": 1.0066152923254572,
        "weight_4": 5.442408444073576,
        "weight_5": 4.990066892559357,
        "weight_6": 5.3786667878248275,
        "weight_7": 4.598832677086318,
        "weight_8": 1.0387356232556502,
        "weight_9": 2.9895052588177538,
        "weight_10": 1.5536169791249952,
        "weight_11": 1.0104431743671085
    }
}