{
    "r_hat": {
        "weight_0": 101.31357959554218,
        "weight_1": 187.80456813119508,
        "weight_2": 206.38810571140246,
        "weight_3": 90.74592222335892,
        "weight_4": 135.68493044841097,
        "weight_5": 43.83170000273418,
        "weight_6": 106.4244372867435,
        "weight_7": 70.54322129233266,
        "weight_8": 69.05189087035176,
        "weight_9": 133.9315265339029,
        "weight_10": 111.5401230541121,
        "weight_11": 116.34289750913041
    },
    "ess": {
        "weight_0": 1.0121543422954313,
        "weight_1": 3.025031499629693,
        "weight_2": 1.0165302565371173,
        "weight_3": 1.019356253905181,
        "weight_4": 2.8803469755947253,
        "weight_5": 1.3453615138032864,
        "weight_6": 3.879371118931691,
        "weight_7": 1.716886660590767,
        "weight_8": 1.0162679010838835,
        "weight_9": 3.894379754038061,
        "weight_10": 1.0950779267689743,
        "weight_11": 1.0417199640091734
    }
}