{
    "r_hat": {
        "weight_0": 203.90476900709322,
        "weight_1": 395.8911976052377,
        "weight_2": 234.8753781554313,
        "weight_3": 44.13589314982618,
        "weight_4": 102.15953496814555,
        "weight_5": 85.25897302179142,
        "weight_6": 438.3477952238499,
        "weight_7": 100.77757654317152,
        "weight_8": 37.07540932928216,
        "weight_9": 145.96130769056307,
        "weight_10": 170.26365431197885,
        "weight_11": 52.56288745529016
    },
    "ess": {
        "weight_0": 1.0120062401334928,
        "weight_1": 3.30430691399636,
        "weight_2": 1.0349587474174506,
        "weight_3": 1.007302044443746,
        "weight_4": 5.045455788448196,
        "weight_5": 5.8983606175798995,
        "weight_6": 2.640807622434212,
        "weight_7": 6.528132034012491,
        "weight_8": 1.0059873231856449,
        "weight_9": 3.0815867745303644,
        "weight_10": 1.6922788325380689,
        "weight_11": 1.0138758073843257
    }
}