{
    "r_hat": {
        "weight_0": 52.50579976254325,
        "weight_1": 577.3625754366635,
        "weight_2": 151.17181461659268,
        "weight_3": 92.68866660693347,
        "weight_4": 107.40018671466547,
        "weight_5": 11.623387343829354,
        "weight_6": 134.84428425191996,
        "weight_7": 113.62777645308788,
        "weight_8": 163.28747426391075,
        "weight_9": 40.03494174557229,
        "weight_10": 375.57586271383065,
        "weight_11": 198.3118540146336
    },
    "ess": {
        "weight_0": 1.0018781171645617,
        "weight_1": 6.585878552205996,
        "weight_2": 1.0169568259271489,
        "weight_3": 1.0273514035460605,
        "weight_4": 1.3705583994405077,
        "weight_5": 1.1527078082081266,
        "weight_6": 6.7827061550307315,
        "weight_7": 4.696442955217402,
        "weight_8": 1.0369460265056407,
        "weight_9": 2.293914975828451,
        "weight_10": 1.924393215609617,
        "weight_11": 1.0434903126005444
    }
}