{
    "r_hat": {
        "weight_0": 94.53907928083245,
        "weight_1": 263.00261978527,
        "weight_2": 65.95382835535732,
        "weight_3": 87.92431590083936,
        "weight_4": 95.2827735179778,
        "weight_5": 62.043444952120446,
        "weight_6": 160.00869692180794,
        "weight_7": 178.19266429378266,
        "weight_8": 172.1512997396951,
        "weight_9": 196.12224544973475,
        "weight_10": 131.76696640538222,
        "weight_11": 146.45267376238078
    },
    "ess": {
        "weight_0": 1.0231983013256711,
        "weight_1": 3.0665605555513116,
        "weight_2": 1.0113600196686086,
        "weight_3": 1.0156754701510458,
        "weight_4": 1.6648515718933035,
        "weight_5": 2.1056334661935203,
        "weight_6": 2.9283335060777476,
        "weight_7": 2.7726247760972678,
        "weight_8": 1.0229495157494521,
        "weight_9": 3.6912171783825514,
        "weight_10": 2.261677626930888,
        "weight_11": 1.0107037087907307
    }
}