{
    "r_hat": {
        "weight_0": 106.77991037705033,
        "weight_1": 48.99249909534421,
        "weight_2": 56.99473357444414,
        "weight_3": 42.85674080126679,
        "weight_4": 74.28246498351649,
        "weight_5": 59.9600098882672,
        "weight_6": 29.56571575663057,
        "weight_7": 149.36961066018065,
        "weight_8": 63.494442951442096,
        "weight_9": 71.50674956184346,
        "weight_10": 85.8712498891051,
        "weight_11": 53.13589371394721
    },
    "ess": {
        "weight_0": 1.0299368425069753,
        "weight_1": 1.3961591242372384,
        "weight_2": 1.009692212460703,
        "weight_3": 1.0076686210762935,
        "weight_4": 1.29326598862311,
        "weight_5": 6.272971171287189,
        "weight_6": 4.860992157189503,
        "weight_7": 5.045699668910084,
        "weight_8": 1.0098107507141034,
        "weight_9": 4.682741459105518,
        "weight_10": 1.5304832687243108,
        "weight_11": 1.0055068636934559
    }
}