{
    "r_hat": {
        "weight_0": 89.83697671051654,
        "weight_1": 143.6414760869963,
        "weight_2": 54.98240820907183,
        "weight_3": 83.13604593938301,
        "weight_4": 56.6963194516935,
        "weight_5": 34.28515488738049,
        "weight_6": 90.02639471739838,
        "weight_7": 32.48825405757749,
        "weight_8": 28.782475946664682,
        "weight_9": 127.68332052724601,
        "weight_10": 59.61952394392252,
        "weight_11": 60.721447201488736
    },
    "ess": {
        "weight_0": 1.0244585814512452,
        "weight_1": 6.105189276222285,
        "weight_2": 1.0110098489046966,
        "weight_3": 1.0509473584425046,
        "weight_4": 2.5305476537113245,
        "weight_5": 1.6775171455424573,
        "weight_6": 6.007894501347096,
        "weight_7": 2.1884093440797248,
        "weight_8": 1.0083063079197858,
        "weight_9": 3.847709810822751,
        "weight_10": 1.0597706151943012,
        "weight_11": 1.024256583792411
    }
}