{
    "r_hat": {
        "weight_0": 165.87544983707895,
        "weight_1": 122.51885569558758,
        "weight_2": 119.10697826076579,
        "weight_3": 249.07813367148458,
        "weight_4": 23.584227621666138,
        "weight_5": 78.74546125644086,
        "weight_6": 50.09527094451473,
        "weight_7": 53.8956806838037,
        "weight_8": 87.62358852510596,
        "weight_9": 137.09620183033923,
        "weight_10": 105.22609482210312,
        "weight_11": 41.46882121372957
    },
    "ess": {
        "weight_0": 1.0320316240595495,
        "weight_1": 1.9040986287325554,
        "weight_2": 1.0657308389015057,
        "weight_3": 1.0635716885633189,
        "weight_4": 3.7577657585034467,
        "weight_5": 2.8218720895099696,
        "weight_6": 6.462916266713367,
        "weight_7": 6.672899469053052,
        "weight_8": 1.0095015240165461,
        "weight_9": 4.733762569257591,
        "weight_10": 1.1948151792613377,
        "weight_11": 1.0026215106953547
    }
}