{
    "r_hat": {
        "weight_0": 131.5518079006462,
        "weight_1": 55.194345804364104,
        "weight_2": 151.3943227631729,
        "weight_3": 182.76654329536635,
        "weight_4": 150.45450942288136,
        "weight_5": 86.73637126120536,
        "weight_6": 140.03304761843685,
        "weight_7": 116.17108371782243,
        "weight_8": 176.23859255887896,
        "weight_9": 144.6361904738451,
        "weight_10": 182.51655099990458,
        "weight_11": 221.85577515945596
    },
    "ess": {
        "weight_0": 1.0100384549088206,
        "weight_1": 4.53975508568596,
        "weight_2": 1.023542002160169,
        "weight_3": 1.013943533045793,
        "weight_4": 6.294007561947531,
        "weight_5": 5.928530538097677,
        "weight_6": 4.004358602666301,
        "weight_7": 5.648674251748535,
        "weight_8": 1.0784799807104928,
        "weight_9": 1.7859194663375288,
        "weight_10": 1.538489528391461,
        "weight_11": 1.0980952270130548
    }
}