{
    "r_hat": {
        "weight_0": 69.92030140357463,
        "weight_1": 118.20571903644543,
        "weight_2": 123.93165400909957,
        "weight_3": 94.96513906260937,
        "weight_4": 55.67909398507149,
        "weight_5": 59.370900374104636,
        "weight_6": 132.32967248245836,
        "weight_7": 157.1132021645499,
        "weight_8": 127.4021493527616,
        "weight_9": 110.28918915263898,
        "weight_10": 149.1884953685271,
        "weight_11": 45.15702389543251
    },
    "ess": {
        "weight_0": 1.0143335967313634,
        "weight_1": 1.9222446467864909,
        "weight_2": 1.0589865285350122,
        "weight_3": 1.0189227986060225,
        "weight_4": 1.3376410047424596,
        "weight_5": 4.2555367776681985,
        "weight_6": 5.311031087964366,
        "weight_7": 5.004539364003726,
        "weight_8": 1.0384946709977836,
        "weight_9": 1.5065968799832048,
        "weight_10": 1.6215812392485318,
        "weight_11": 1.0071128540379246
    }
}