{
    "r_hat": {
        "weight_0": 64.00649257246111,
        "weight_1": 108.7006866703277,
        "weight_2": 81.72125421894668,
        "weight_3": 77.04373326130039,
        "weight_4": 43.29329615819694,
        "weight_5": 46.24940923529918,
        "weight_6": 230.49951325295953,
        "weight_7": 369.1751117552958,
        "weight_8": 113.86176433510572,
        "weight_9": 87.42195732153634,
        "weight_10": 97.98586418705715,
        "weight_11": 159.23790395359836
    },
    "ess": {
        "weight_0": 1.0058847304907066,
        "weight_1": 2.8892832010697482,
        "weight_2": 1.0229085515596799,
        "weight_3": 1.0116764948041477,
        "weight_4": 1.2053587140913409,
        "weight_5": 4.432721231620439,
        "weight_6": 2.0886465179666143,
        "weight_7": 3.8171750268344136,
        "weight_8": 1.015356676295954,
        "weight_9": 3.033548573669865,
        "weight_10": 1.0958206573603824,
        "weight_11": 1.0263258886489743
    }
}