{
    "r_hat": {
        "weight_0": 153.0732047758464,
        "weight_1": 96.83786966732696,
        "weight_2": 71.8619706064145,
        "weight_3": 56.87581683084767,
        "weight_4": 103.90633957373547,
        "weight_5": 55.02931397459887,
        "weight_6": 283.5282995993978,
        "weight_7": 169.4034465215719,
        "weight_8": 65.82593542243139,
        "weight_9": 217.85982102782046,
        "weight_10": 208.3464806772763,
        "weight_11": 116.41565156817009
    },
    "ess": {
        "weight_0": 1.030601720406713,
        "weight_1": 3.542583433698047,
        "weight_2": 1.0099175384027428,
        "weight_3": 1.0084596777042094,
        "weight_4": 1.8635339341674668,
        "weight_5": 6.014645827692732,
        "weight_6": 4.336094797884089,
        "weight_7": 4.377744069877996,
        "weight_8": 1.0136680256718413,
        "weight_9": 3.983766182105833,
        "weight_10": 1.2428778429275509,
        "weight_11": 1.0304182918078026
    }
}