{
    "r_hat": {
        "weight_0": 149.94342535347184,
        "weight_1": 80.63650877053651,
        "weight_2": 163.10540265601284,
        "weight_3": 147.22779868757996,
        "weight_4": 48.78455924872886,
        "weight_5": 42.52030463361608,
        "weight_6": 38.012903445221404,
        "weight_7": 82.15361605498452,
        "weight_8": 77.90171675001956,
        "weight_9": 92.4691466934888,
        "weight_10": 106.24366427921329,
        "weight_11": 51.853961252657676
    },
    "ess": {
        "weight_0": 1.0228458128998315,
        "weight_1": 5.549561165906974,
        "weight_2": 1.0642663111962374,
        "weight_3": 1.096783755968774,
        "weight_4": 2.234210464840879,
        "weight_5": 2.57797932422113,
        "weight_6": 1.3784401197589053,
        "weight_7": 1.7591167821956948,
        "weight_8": 1.0478352349448539,
        "weight_9": 4.291364940239694,
        "weight_10": 1.206252491503402,
        "weight_11": 1.0227054069340373
    }
}