{
    "r_hat": {
        "weight_0": 116.14588014201479,
        "weight_1": 75.55129216036778,
        "weight_2": 143.47366751818964,
        "weight_3": 45.19302016178788,
        "weight_4": 135.9834219916987,
        "weight_5": 43.58903942874567,
        "weight_6": 46.51195185821481,
        "weight_7": 204.82105729261096,
        "weight_8": 106.92728314787102,
        "weight_9": 82.53471237982774,
        "weight_10": 72.65558689196283,
        "weight_11": 33.757839351858834
    },
    "ess": {
        "weight_0": 1.013448590355833,
        "weight_1": 5.289928019773072,
        "weight_2": 1.084915120874812,
        "weight_3": 1.0112646852129026,
        "weight_4": 1.5300847779553526,
        "weight_5": 7.024518857763152,
        "weight_6": 1.442779209013805,
        "weight_7": 5.961597528896455,
        "weight_8": 1.049333956544935,
        "weight_9": 5.187828373149366,
        "weight_10": 1.0277521264356186,
        "weight_11": 1.0048875214481783
    }
}