{
    "r_hat": {
        "weight_0": 110.57453473996183,
        "weight_1": 118.44474453955786,
        "weight_2": 46.98970745920493,
        "weight_3": 91.64469834604733,
        "weight_4": 111.48584328924262,
        "weight_5": 30.204758552832196,
        "weight_6": 97.0992086154699,
        "weight_7": 69.54640479581613,
        "weight_8": 69.03593220052893,
        "weight_9": 90.38570880640692,
        "weight_10": 21.117462014536706,
        "weight_11": 128.35596468097916
    },
    "ess": {
        "weight_0": 1.0096579130656846,
        "weight_1": 1.47124540745779,
        "weight_2": 1.0048726402004766,
        "weight_3": 1.0136444153124378,
        "weight_4": 2.6597851298697504,
        "weight_5": 1.6529636590565886,
        "weight_6": 3.827081386427427,
        "weight_7": 4.583821976949559,
        "weight_8": 1.019908298608996,
        "weight_9": 5.1045161845679345,
        "weight_10": 1.0143483388601642,
        "weight_11": 1.05275274469885
    }
}