{
    "r_hat": {
        "weight_0": 101.49370235644096,
        "weight_1": 135.21864118905827,
        "weight_2": 198.94349872856304,
        "weight_3": 59.483982328521414,
        "weight_4": 78.6623411683604,
        "weight_5": 58.1956517987692,
        "weight_6": 188.3819536920642,
        "weight_7": 170.51936876406185,
        "weight_8": 66.22724297032309,
        "weight_9": 286.15180386020387,
        "weight_10": 56.94668760083125,
        "weight_11": 23.182438006826555
    },
    "ess": {
        "weight_0": 1.0095487083709351,
        "weight_1": 5.250100692912825,
        "weight_2": 1.0389467418053895,
        "weight_3": 1.0166246584580703,
        "weight_4": 3.8232533414994703,
        "weight_5": 3.457163471188726,
        "weight_6": 5.351642454816981,
        "weight_7": 3.497533270346967,
        "weight_8": 1.0147141566024294,
        "weight_9": 4.5892334459415745,
        "weight_10": 1.0327550859259023,
        "weight_11": 1.002867482823347
    }
}