{
    "r_hat": {
        "weight_0": 121.62600938428528,
        "weight_1": 202.93761913025196,
        "weight_2": 50.3115980708248,
        "weight_3": 93.23587581866663,
        "weight_4": 34.620535883819,
        "weight_5": 48.304025018040214,
        "weight_6": 49.08374570340645,
        "weight_7": 178.07011935666966,
        "weight_8": 144.79198037021362,
        "weight_9": 148.20525180667744,
        "weight_10": 132.70681309280215,
        "weight_11": 62.28127777881238
    },
    "ess": {
        "weight_0": 1.0438012270208015,
        "weight_1": 4.219494522147177,
        "weight_2": 1.012987471724609,
        "weight_3": 1.0333007368038603,
        "weight_4": 3.097635577717243,
        "weight_5": 4.5063194799654385,
        "weight_6": 2.285718652968862,
        "weight_7": 2.1108777380742687,
        "weight_8": 1.0815355893837646,
        "weight_9": 4.1279384267589005,
        "weight_10": 1.7709871868306437,
        "weight_11": 1.0091480380997784
    }
}