{
    "r_hat": {
        "weight_0": 165.80064860331254,
        "weight_1": 162.71204823062342,
        "weight_2": 20.126038996611122,
        "weight_3": 184.15292460708918,
        "weight_4": 106.62154534659187,
        "weight_5": 73.46489734488222,
        "weight_6": 80.51088674584162,
        "weight_7": 44.91379025581616,
        "weight_8": 90.67469545865146,
        "weight_9": 185.5749842176289,
        "weight_10": 190.63554083439564,
        "weight_11": 115.28134500396035
    },
    "ess": {
        "weight_0": 1.0296545814008335,
        "weight_1": 3.583454243950481,
        "weight_2": 1.0028842334985775,
        "weight_3": 1.0225510001059512,
        "weight_4": 2.5464959214880225,
        "weight_5": 1.6921262355015034,
        "weight_6": 1.6022675647758433,
        "weight_7": 4.794266417458863,
        "weight_8": 1.0135626825547464,
        "weight_9": 4.867108420273858,
        "weight_10": 2.0322946863814604,
        "weight_11": 1.0183662365820432
    }
}