{
    "r_hat": {
        "weight_0": 77.68910811208869,
        "weight_1": 149.97846255559085,
        "weight_2": 150.2402670057614,
        "weight_3": 115.12279844587552,
        "weight_4": 102.76982122029789,
        "weight_5": 36.500354261808866,
        "weight_6": 261.7407512522405,
        "weight_7": 173.2618475106055,
        "weight_8": 67.55464274259789,
        "weight_9": 55.627952101651445,
        "weight_10": 61.19968556178162,
        "weight_11": 89.59135950571137
    },
    "ess": {
        "weight_0": 1.0113583457942632,
        "weight_1": 3.58129482088447,
        "weight_2": 1.0839517664847635,
        "weight_3": 1.038928542797669,
        "weight_4": 3.875947155001858,
        "weight_5": 2.1069910897351165,
        "weight_6": 3.128913976424691,
        "weight_7": 3.0696152016129066,
        "weight_8": 1.0111821777050574,
        "weight_9": 4.418326607465742,
        "weight_10": 1.0924039006278254,
        "weight_11": 1.0168634849111262
    }
}