{
    "r_hat": {
        "weight_0": 151.69587693534885,
        "weight_1": 246.96612507968703,
        "weight_2": 86.59700390131265,
        "weight_3": 525.5142712253848,
        "weight_4": 211.45650974584532,
        "weight_5": 128.2379940989025,
        "weight_6": 115.91547603705727,
        "weight_7": 147.39701680292484,
        "weight_8": 119.02394777184006,
        "weight_9": 214.9361741874281,
        "weight_10": 66.15893813498892,
        "weight_11": 118.66507857889208
    },
    "ess": {
        "weight_0": 1.0201603878076067,
        "weight_1": 3.9311579003698816,
        "weight_2": 1.0199705752211767,
        "weight_3": 1.0595254541298833,
        "weight_4": 5.285354507573611,
        "weight_5": 3.7366049636670606,
        "weight_6": 6.1536492958106095,
        "weight_7": 4.790334646163249,
        "weight_8": 1.0209022551420888,
        "weight_9": 2.976018198264374,
        "weight_10": 1.1606676280800188,
        "weight_11": 1.0081756893035585
    }
}