{
    "r_hat": {
        "weight_0": 115.36367864698526,
        "weight_1": 122.3667004206265,
        "weight_2": 162.07603828578726,
        "weight_3": 61.963732621875295,
        "weight_4": 97.47881066575111,
        "weight_5": 65.20753225500503,
        "weight_6": 105.81447327529354,
        "weight_7": 232.63829916054348,
        "weight_8": 106.60905278547702,
        "weight_9": 152.1146082704222,
        "weight_10": 148.809246420464,
        "weight_11": 126.03562841015535
    },
    "ess": {
        "weight_0": 1.01549424187764,
        "weight_1": 4.682306258874089,
        "weight_2": 1.0339916581367647,
        "weight_3": 1.0131843096497808,
        "weight_4": 1.3421408857137023,
        "weight_5": 2.631615535601886,
        "weight_6": 3.696901568862119,
        "weight_7": 3.148891211825578,
        "weight_8": 1.0615061882649257,
        "weight_9": 4.405534909783637,
        "weight_10": 1.5072361351956827,
        "weight_11": 1.0241127717438752
    }
}