{
    "r_hat": {
        "weight_0": 178.72460858316975,
        "weight_1": 153.28508910059108,
        "weight_2": 116.8259864002335,
        "weight_3": 83.83559782089014,
        "weight_4": 75.11731074611846,
        "weight_5": 55.681673406914804,
        "weight_6": 111.37238642940397,
        "weight_7": 122.75500362949262,
        "weight_8": 137.4670912384062,
        "weight_9": 69.01794471647241,
        "weight_10": 38.45112267306545,
        "weight_11": 71.51203075603371
    },
    "ess": {
        "weight_0": 1.12121813249525,
        "weight_1": 2.8572323332440046,
        "weight_2": 1.1977084429542222,
        "weight_3": 1.019440776334096,
        "weight_4": 1.7935306892042595,
        "weight_5": 3.963075333020554,
        "weight_6": 4.162511634006737,
        "weight_7": 3.548482116124718,
        "weight_8": 1.0238158810070856,
        "weight_9": 4.817287826928106,
        "weight_10": 1.0323484055529382,
        "weight_11": 1.0101046167757053
    }
}