{
    "r_hat": {
        "weight_0": 115.58279203656389,
        "weight_1": 94.34260287323299,
        "weight_2": 86.70959210818765,
        "weight_3": 224.4187923813913,
        "weight_4": 49.65705723064666,
        "weight_5": 82.57907598898584,
        "weight_6": 58.25037005494477,
        "weight_7": 87.29411406700237,
        "weight_8": 30.598740229860542,
        "weight_9": 57.22028218511039,
        "weight_10": 171.06173404072968,
        "weight_11": 130.33857085673807
    },
    "ess": {
        "weight_0": 1.0327711899067924,
        "weight_1": 3.6211126402732603,
        "weight_2": 1.026357129893075,
        "weight_3": 1.012154760827848,
        "weight_4": 1.0901039792533962,
        "weight_5": 4.009295815546913,
        "weight_6": 1.367113344438312,
        "weight_7": 2.0818935001272107,
        "weight_8": 1.0027949858224987,
        "weight_9": 4.672835001894968,
        "weight_10": 1.236376641610015,
        "weight_11": 1.017600288181377
    }
}