{
    "r_hat": {
        "weight_0": 75.55687715036773,
        "weight_1": 68.94753764121783,
        "weight_2": 80.36026278461738,
        "weight_3": 62.551632491680095,
        "weight_4": 89.6526426361773,
        "weight_5": 83.40488593996092,
        "weight_6": 49.73618452426679,
        "weight_7": 106.77420759246765,
        "weight_8": 99.72125739792436,
        "weight_9": 132.30051736332703,
        "weight_10": 200.58465894404904,
        "weight_11": 56.76615885376467
    },
    "ess": {
        "weight_0": 1.0192592586371632,
        "weight_1": 4.583546593139423,
        "weight_2": 1.058600268435208,
        "weight_3": 1.0243050909562248,
        "weight_4": 2.0847233802164746,
        "weight_5": 4.091160930362053,
        "weight_6": 5.787958831477308,
        "weight_7": 4.461719918321409,
        "weight_8": 1.0743476470167284,
        "weight_9": 6.353605208980881,
        "weight_10": 1.9408214186330501,
        "weight_11": 1.0152084534782109
    }
}