{
    "r_hat": {
        "weight_0": 96.73715632330884,
        "weight_1": 125.900227346106,
        "weight_2": 69.72401414281957,
        "weight_3": 72.60186724963177,
        "weight_4": 96.82046191913028,
        "weight_5": 54.845368685735814,
        "weight_6": 79.82036634459534,
        "weight_7": 68.49431898505722,
        "weight_8": 103.11802678399307,
        "weight_9": 99.69277081888126,
        "weight_10": 33.98910936582032,
        "weight_11": 86.49591447281612
    },
    "ess": {
        "weight_0": 1.0179772731769317,
        "weight_1": 4.435881264786828,
        "weight_2": 1.0118432987646335,
        "weight_3": 1.0374883113846183,
        "weight_4": 4.45648031039978,
        "weight_5": 5.902094491352777,
        "weight_6": 1.8621056070820154,
        "weight_7": 1.4410310748023822,
        "weight_8": 1.0333878982910285,
        "weight_9": 3.9364441373448407,
        "weight_10": 1.02269870365706,
        "weight_11": 1.0241977049012365
    }
}