{
    "r_hat": {
        "weight_0": 37.26897203922859,
        "weight_1": 228.7613191623107,
        "weight_2": 164.2043611892812,
        "weight_3": 81.46323403432658,
        "weight_4": 45.00387461667888,
        "weight_5": 56.50989282947092,
        "weight_6": 81.88498213340728,
        "weight_7": 211.5866229861375,
        "weight_8": 70.7761892995105,
        "weight_9": 85.73892873347782,
        "weight_10": 131.62691784880454,
        "weight_11": 110.64881929625159
    },
    "ess": {
        "weight_0": 1.0030293684631755,
        "weight_1": 2.677331368635677,
        "weight_2": 1.0270297156781176,
        "weight_3": 1.0143568313815232,
        "weight_4": 1.3750121469582843,
        "weight_5": 5.608728430530635,
        "weight_6": 4.955947887543336,
        "weight_7": 3.2733764837122195,
        "weight_8": 1.0212292804108631,
        "weight_9": 3.8810175232203195,
        "weight_10": 5.442109325588962,
        "weight_11": 1.0624123686787388
    }
}