{
    "r_hat": {
        "weight_0": 60.203766469077266,
        "weight_1": 144.75816350910063,
        "weight_2": 239.24407973330204,
        "weight_3": 109.2605598449576,
        "weight_4": 122.66393742215104,
        "weight_5": 76.75313164949523,
        "weight_6": 59.80612174392181,
        "weight_7": 72.7378790613769,
        "weight_8": 35.954773789860226,
        "weight_9": 118.43867459790766,
        "weight_10": 59.84444091253962,
        "weight_11": 72.53561750529349
    },
    "ess": {
        "weight_0": 1.0058132823262909,
        "weight_1": 4.836694099440607,
        "weight_2": 1.0368054762333816,
        "weight_3": 1.0373595762511685,
        "weight_4": 5.633570857478982,
        "weight_5": 6.425466196070741,
        "weight_6": 4.075976553062626,
        "weight_7": 5.3203552434844275,
        "weight_8": 1.016705205725098,
        "weight_9": 1.8000945275583353,
        "weight_10": 1.119031518574175,
        "weight_11": 1.0304590318804383
    }
}