{
    "r_hat": {
        "weight_0": 201.13955399497843,
        "weight_1": 45.27072869793298,
        "weight_2": 41.22059899400935,
        "weight_3": 275.53158564655934,
        "weight_4": 33.60511652480684,
        "weight_5": 86.78165332124482,
        "weight_6": 61.61261837612295,
        "weight_7": 35.7665868850203,
        "weight_8": 97.94881136078858,
        "weight_9": 72.79285999484283,
        "weight_10": 69.88783763506919,
        "weight_11": 93.9779825005221
    },
    "ess": {
        "weight_0": 1.033556174628109,
        "weight_1": 5.0755493962226375,
        "weight_2": 1.0091985475420846,
        "weight_3": 1.0402011553994035,
        "weight_4": 1.3613020822739266,
        "weight_5": 3.870863383112365,
        "weight_6": 2.872451575772795,
        "weight_7": 1.7573172989987258,
        "weight_8": 1.10605429089764,
        "weight_9": 1.6072146607713178,
        "weight_10": 1.0674107102468064,
        "weight_11": 1.0992540143361833
    }
}