{
    "r_hat": {
        "weight_0": 87.3865353501528,
        "weight_1": 110.64810694664435,
        "weight_2": 99.87668501696156,
        "weight_3": 362.11831098407936,
        "weight_4": 157.52553182120093,
        "weight_5": 106.0071141953109,
        "weight_6": 74.66072348898089,
        "weight_7": 29.924603782460522,
        "weight_8": 124.77883114501105,
        "weight_9": 76.06675812883627,
        "weight_10": 91.16429148053841,
        "weight_11": 225.17514809064494
    },
    "ess": {
        "weight_0": 1.0129848809366415,
        "weight_1": 4.9604691258542974,
        "weight_2": 1.0256988456011147,
        "weight_3": 1.020930139350031,
        "weight_4": 4.261854433110209,
        "weight_5": 4.563839561481709,
        "weight_6": 5.630862999032918,
        "weight_7": 4.250634356342572,
        "weight_8": 1.0316597167768635,
        "weight_9": 6.190027867713666,
        "weight_10": 1.5213615355044423,
        "weight_11": 1.0561791606304476
    }
}