{
    "r_hat": {
        "weight_0": 73.10976930165228,
        "weight_1": 55.65239072658667,
        "weight_2": 103.36293427383822,
        "weight_3": 178.6441605299324,
        "weight_4": 146.51227183010354,
        "weight_5": 95.15758834252055,
        "weight_6": 69.14292400343182,
        "weight_7": 144.6595096778376,
        "weight_8": 52.699431140839806,
        "weight_9": 139.06764168282808,
        "weight_10": 287.5461410845802,
        "weight_11": 61.78649708976548
    },
    "ess": {
        "weight_0": 1.0052731131213488,
        "weight_1": 1.6574898762553758,
        "weight_2": 1.016786689836462,
        "weight_3": 1.0431046377843283,
        "weight_4": 6.1602366153361325,
        "weight_5": 5.991990995565305,
        "weight_6": 5.525355523770012,
        "weight_7": 6.167668664007836,
        "weight_8": 1.0034301609433958,
        "weight_9": 2.362710525537177,
        "weight_10": 4.019043072051926,
        "weight_11": 1.00404306190002
    }
}