{
    "r_hat": {
        "weight_0": 85.59629026399392,
        "weight_1": 246.16664431160478,
        "weight_2": 116.59607962398734,
        "weight_3": 199.16929892651447,
        "weight_4": 155.80607418105748,
        "weight_5": 89.85078541706226,
        "weight_6": 205.42326210897113,
        "weight_7": 147.9143635528736,
        "weight_8": 96.06067486869823,
        "weight_9": 76.56751214243677,
        "weight_10": 140.5011002300805,
        "weight_11": 97.86981958249281
    },
    "ess": {
        "weight_0": 1.0049259853604575,
        "weight_1": 4.227152565515074,
        "weight_2": 1.0132333351233833,
        "weight_3": 1.012714301890455,
        "weight_4": 3.111734635725969,
        "weight_5": 1.7536731540466861,
        "weight_6": 2.094044984687874,
        "weight_7": 6.246189379884899,
        "weight_8": 1.005732039554574,
        "weight_9": 1.1849345272249898,
        "weight_10": 1.1005508619261875,
        "weight_11": 1.0098906963053422
    }
}