{
    "r_hat": {
        "weight_0": 129.6968676435076,
        "weight_1": 165.8339506553338,
        "weight_2": 290.7164166469427,
        "weight_3": 140.89375220001173,
        "weight_4": 251.68538173438213,
        "weight_5": 45.86059231041501,
        "weight_6": 142.40013412569328,
        "weight_7": 79.08890588151613,
        "weight_8": 44.74144633339685,
        "weight_9": 134.27791546814268,
        "weight_10": 57.08436394190673,
        "weight_11": 60.86991857589944
    },
    "ess": {
        "weight_0": 1.013125243650439,
        "weight_1": 3.289805505290412,
        "weight_2": 1.142999415167043,
        "weight_3": 1.023853528308127,
        "weight_4": 5.751683583225792,
        "weight_5": 6.046886888616352,
        "weight_6": 3.9784054477391932,
        "weight_7": 2.3661670544981557,
        "weight_8": 1.0157390847163026,
        "weight_9": 6.839046833573967,
        "weight_10": 1.2223192117580128,
        "weight_11": 1.0333122382544582
    }
}