{
    "r_hat": {
        "weight_0": 13.944995017211504,
        "weight_1": 72.13992893357897,
        "weight_2": 165.64704419338688,
        "weight_3": 60.011203737361846,
        "weight_4": 29.054563159592966,
        "weight_5": 163.7752235091705,
        "weight_6": 82.49103085121949,
        "weight_7": 87.4973888383891,
        "weight_8": 49.02041962672226,
        "weight_9": 46.41577163939159,
        "weight_10": 91.48525165114599,
        "weight_11": 43.77965671365463
    },
    "ess": {
        "weight_0": 1.0022103788054215,
        "weight_1": 5.189060884334031,
        "weight_2": 1.095419304557041,
        "weight_3": 1.0119702622709248,
        "weight_4": 2.559842991496368,
        "weight_5": 5.807398097215905,
        "weight_6": 3.716711936107488,
        "weight_7": 3.8452271125660484,
        "weight_8": 1.1052380240133937,
        "weight_9": 1.8929118024471403,
        "weight_10": 1.4436577407971127,
        "weight_11": 1.0304493285328566
    }
}