{
    "r_hat": {
        "weight_0": 94.40711581465928,
        "weight_1": 97.31364105694293,
        "weight_2": 145.6128943682686,
        "weight_3": 94.81389601659978,
        "weight_4": 109.2383484425562,
        "weight_5": 55.5007397185983,
        "weight_6": 60.73370801355331,
        "weight_7": 66.86450076856468,
        "weight_8": 80.8087231476581,
        "weight_9": 85.61689738414431,
        "weight_10": 76.18031207197724,
        "weight_11": 62.764161166562225
    },
    "ess": {
        "weight_0": 1.0064439415923299,
        "weight_1": 1.7341724943180885,
        "weight_2": 1.0137186261608329,
        "weight_3": 1.0150127000216616,
        "weight_4": 4.974980792399977,
        "weight_5": 4.173390591867059,
        "weight_6": 5.113038990753471,
        "weight_7": 1.362700560336983,
        "weight_8": 1.0208753358704639,
        "weight_9": 5.22273762595761,
        "weight_10": 1.018699054665894,
        "weight_11": 1.0212114850944296
    }
}