{
    "r_hat": {
        "weight_0": 74.29891166830257,
        "weight_1": 31.522677411425793,
        "weight_2": 87.23516981141228,
        "weight_3": 29.864642340821664,
        "weight_4": 36.60608347957399,
        "weight_5": 29.62582878205108,
        "weight_6": 124.03993741114486,
        "weight_7": 93.77146630113262,
        "weight_8": 65.06197760208697,
        "weight_9": 47.71459526572437,
        "weight_10": 123.71721279290419,
        "weight_11": 49.88428785362979
    },
    "ess": {
        "weight_0": 1.0307458378388146,
        "weight_1": 1.2294821886416802,
        "weight_2": 1.0374658493316655,
        "weight_3": 1.0128665426882881,
        "weight_4": 2.724668387723966,
        "weight_5": 1.3368906322610157,
        "weight_6": 3.9703215018861386,
        "weight_7": 1.898999875676414,
        "weight_8": 1.130690088732835,
        "weight_9": 3.6959758119572954,
        "weight_10": 4.810798312361807,
        "weight_11": 1.0479451550256398
    }
}