{
    "r_hat": {
        "weight_0": 147.6410068265515,
        "weight_1": 113.95121774621052,
        "weight_2": 106.19913945571237,
        "weight_3": 102.3918197956496,
        "weight_4": 140.40061473227604,
        "weight_5": 54.91716195535247,
        "weight_6": 72.94841865308454,
        "weight_7": 168.6054795941958,
        "weight_8": 66.70867913042366,
        "weight_9": 196.47423654377158,
        "weight_10": 227.48316074100595,
        "weight_11": 106.95123075270104
    },
    "ess": {
        "weight_0": 1.0140888031078128,
        "weight_1": 1.417245392795899,
        "weight_2": 1.0296640039505607,
        "weight_3": 1.0202001252834139,
        "weight_4": 4.216160231683545,
        "weight_5": 1.4770705108498385,
        "weight_6": 4.303665389812982,
        "weight_7": 3.0812197545524844,
        "weight_8": 1.0259668365773928,
        "weight_9": 5.337044088543788,
        "weight_10": 1.2029870183587772,
        "weight_11": 1.1060284522035437
    }
}