{
    "r_hat": {
        "weight_0": 39.515335574894166,
        "weight_1": 177.66712605436692,
        "weight_2": 110.23146582650992,
        "weight_3": 109.34027434415873,
        "weight_4": 108.294420333644,
        "weight_5": 49.024044430475,
        "weight_6": 143.18129796496302,
        "weight_7": 67.78550364659168,
        "weight_8": 64.33145272370915,
        "weight_9": 108.28285891954765,
        "weight_10": 110.98718489640238,
        "weight_11": 80.81343539603914
    },
    "ess": {
        "weight_0": 1.0060085393107525,
        "weight_1": 6.608252170625662,
        "weight_2": 1.0190815329577305,
        "weight_3": 1.1611727006307486,
        "weight_4": 4.191537099739689,
        "weight_5": 6.633230779185058,
        "weight_6": 3.970978477263982,
        "weight_7": 1.7946680063133227,
        "weight_8": 1.0394171038724194,
        "weight_9": 1.847781884552377,
        "weight_10": 1.136238403891012,
        "weight_11": 1.0395740052453248
    }
}