{
    "r_hat": {
        "weight_0": 262.9120590552491,
        "weight_1": 201.67487184032387,
        "weight_2": 47.25747319725567,
        "weight_3": 165.5978485349146,
        "weight_4": 86.79981692287626,
        "weight_5": 60.91092437452339,
        "weight_6": 197.3358688296717,
        "weight_7": 126.30553293066023,
        "weight_8": 112.28017814308578,
        "weight_9": 542.7751341954296,
        "weight_10": 124.25664166919103,
        "weight_11": 89.01179492737947
    },
    "ess": {
        "weight_0": 1.0255749782930381,
        "weight_1": 3.1305855944099936,
        "weight_2": 1.0032611329141001,
        "weight_3": 1.0217383380295335,
        "weight_4": 2.792511505992925,
        "weight_5": 4.89746057102509,
        "weight_6": 3.091902207454484,
        "weight_7": 3.465559051345214,
        "weight_8": 1.1923466906456954,
        "weight_9": 4.190638122436976,
        "weight_10": 1.1461130326655686,
        "weight_11": 1.0396294226267926
    }
}