{
    "r_hat": {
        "weight_0": 85.6281071730741,
        "weight_1": 350.96444749894636,
        "weight_2": 191.73626005304888,
        "weight_3": 104.8788457762453,
        "weight_4": 169.96808136288735,
        "weight_5": 62.49725909074513,
        "weight_6": 117.20924684602471,
        "weight_7": 595.3308812423271,
        "weight_8": 27.14819893286991,
        "weight_9": 253.76281483964942,
        "weight_10": 195.73114149890625,
        "weight_11": 209.33579827067527
    },
    "ess": {
        "weight_0": 1.006779189934134,
        "weight_1": 6.368605636001107,
        "weight_2": 1.0562564939425032,
        "weight_3": 1.075465616739485,
        "weight_4": 6.009303368597704,
        "weight_5": 4.225371342847502,
        "weight_6": 1.601549317784292,
        "weight_7": 4.752686543451563,
        "weight_8": 1.0023041971168871,
        "weight_9": 4.547758188305037,
        "weight_10": 1.642784282574827,
        "weight_11": 1.0148683187556566
    }
}