{
    "rmse": 7.423458715663574,
    "mae": 5.341687531463141,
    "r2": 0.9231872739427943
}