{
    "rmse": 6.977428293207584,
    "mae": 4.732722008333024,
    "r2": 0.93214039192751
}