{
    "temporal_split": {},
    "random_split": {
        "r2": 0.9316106002957337,
        "rmse": 6.97426598907208,
        "mae": 4.517715002185839
    },
    "bootstrap": {
        "r2": {
            "mean": 0.9411450355303547,
            "std": 0.006417088007814985,
            "ci_95": [
                0.9294974188362907,
                0.9533715284188577
            ]
        },
        "rmse": {
            "mean": 6.498617303022209,
            "std": 0.36794316174764535,
            "ci_95": [
                5.796550865475489,
                7.174194181138547
            ]
        },
        "mae": {
            "mean": 4.232932885844082,
            "std": 0.15046735938732855,
            "ci_95": [
                3.9355137327059966,
                4.499135577318882
            ]
        }
    }
}