{
    "temporal_split": {},
    "random_split": {
        "r2": 0.9316106002957337,
        "rmse": 6.97426598907208,
        "mae": 4.517715002185839
    },
    "bootstrap": {
        "r2": {
            "mean": 0.9412248130493459,
            "std": 0.005424977338074331,
            "ci_95": [
                0.9299141934959867,
                0.9517102820947838
            ]
        },
        "rmse": {
            "mean": 6.486244904996033,
            "std": 0.3158779371805838,
            "ci_95": [
                5.975222245323356,
                7.135169986117101
            ]
        },
        "mae": {
            "mean": 4.241730468348232,
            "std": 0.1421485713148445,
            "ci_95": [
                3.9859933808940897,
                4.5273926999022605
            ]
        }
    }
}