{
    "prior_strength": {
        "0.01": {
            "r2_score": 0.9315881777700892
        },
        "0.1": {
            "r2_score": 0.9316106002957337
        },
        "1.0": {
            "r2_score": 0.9316178710942856
        },
        "10.0": {
            "r2_score": 0.9315021797170581
        },
        "100.0": {
            "r2_score": 0.9299570581426205
        }
    },
    "feature_importance": {
        "ghg_emissions_int_log": {
            "r2_score": 0.913133914364633,
            "r2_change": 0.018476685931100745
        },
        "floor_area_log": {
            "r2_score": 0.9316106026116237,
            "r2_change": -2.3158899242758935e-09
        },
        "electric_eui": {
            "r2_score": 0.9142348217153575,
            "r2_change": 0.0173757785803762
        },
        "fuel_eui": {
            "r2_score": 0.8943946723389158,
            "r2_change": 0.03721592795681794
        },
        "energy_star_rating_normalized": {
            "r2_score": 0.9313456947854287,
            "r2_change": 0.0002649055103050024
        },
        "energy_mix": {
            "r2_score": 0.9317197910102052,
            "r2_change": -0.00010919071447146322
        },
        "building_age_log": {
            "r2_score": 0.9316222193022342,
            "r2_change": -1.1619006500485085e-05
        },
        "floor_area_squared": {
            "r2_score": 0.9316106004632997,
            "r2_change": -1.6756596110667488e-10
        },
        "energy_intensity_ratio": {
            "r2_score": 0.9280366770584119,
            "r2_change": 0.0035739232373218632
        },
        "building_age_squared": {
            "r2_score": 0.9316226358371789,
            "r2_change": -1.2035541445132303e-05
        },
        "energy_star_rating_squared": {
            "r2_score": 0.9305233607615188,
            "r2_change": 0.0010872395342149677
        },
        "ghg_per_area": {
            "r2_score": 0.9281367012563091,
            "r2_change": 0.0034738990394246327
        }
    },
    "data_size": {
        "0.3": {
            "n_samples": 2333,
            "r2_score": 0.9409684764632543
        },
        "0.5": {
            "n_samples": 3888,
            "r2_score": 0.9515771364126041
        },
        "0.7": {
            "n_samples": 5443,
            "r2_score": 0.9388817653960119
        },
        "0.9": {
            "n_samples": 6999,
            "r2_score": 0.9428707203031967
        },
        "1.0": {
            "n_samples": 7777,
            "r2_score": 0.9469819699188268
        }
    }
}