{
    "cv_results": {
        "Linear Regression": {
            "r2_mean": 0.9388565421104431,
            "r2_std": 0.005319749867965803,
            "rmse_mean": 6.612125271681502,
            "rmse_std": 0.2601085297618711,
            "mae_mean": 4.0597292423248295,
            "mae_std": 0.12513675081793962,
            "r2_scores": [
                0.9291760921478271,
                0.9383736252784729,
                0.9414258599281311,
                0.9451150894165039,
                0.9401920437812805
            ],
            "rmse_scores": [
                7.097314149278227,
                6.632999700593705,
                6.481852507290607,
                6.33803838666352,
                6.510421614581453
            ],
            "mae_scores": [
                4.304830074310303,
                4.016835689544678,
                4.0186028480529785,
                4.008487701416016,
                3.949889898300171
            ]
        },
        "Bayesian Ridge": {
            "r2_mean": 0.9388716101646424,
            "r2_std": 0.0053203659607645,
            "rmse_mean": 6.611301390947418,
            "rmse_std": 0.2601887007540673,
            "mae_mean": 4.057437324523926,
            "mae_std": 0.12509662734290802,
            "r2_scores": [
                0.9292054176330566,
                0.9383437037467957,
                0.9414510726928711,
                0.9451459646224976,
                0.9402118921279907
            ],
            "rmse_scores": [
                7.095843438951245,
                6.634609522652136,
                6.480459331668865,
                6.336254483535755,
                6.509340177929093
            ],
            "mae_scores": [
                4.302273273468018,
                4.017169952392578,
                4.015069007873535,
                4.005749702453613,
                3.9469246864318848
            ]
        },
        "Random Forest": {
            "r2_mean": 0.9767123608669014,
            "r2_std": 0.0020898694985523806,
            "rmse_mean": 4.080746224425449,
            "rmse_std": 0.181637467661323,
            "mae_mean": 2.539459807008265,
            "mae_std": 0.07013707619016915,
            "r2_scores": [
                0.9753868261274172,
                0.979099099268939,
                0.9791758977616859,
                0.9759754899859213,
                0.9739244911905434
            ],
            "rmse_scores": [
                4.18396382334491,
                3.862861592194652,
                3.8648212493887013,
                4.193296945556308,
                4.2987875116426775
            ],
            "mae_scores": [
                2.6004969526440442,
                2.444217126783185,
                2.5452845803779036,
                2.6290248657606807,
                2.478275509475512
            ]
        },
        "XGBoost": {
            "r2_mean": 0.9775056958198547,
            "r2_std": 0.0032316121843140922,
            "rmse_mean": 4.003858477200052,
            "rmse_std": 0.2840432988818935,
            "mae_mean": 2.427229309082031,
            "mae_std": 0.0424183974643899,
            "r2_scores": [
                0.9752411246299744,
                0.979895830154419,
                0.9821200966835022,
                0.977239191532135,
                0.9730322360992432
            ],
            "rmse_scores": [
                4.1963289475137895,
                3.788521828370924,
                3.581203019664509,
                4.081523078790587,
                4.371715511660448
            ],
            "mae_scores": [
                2.4348669052124023,
                2.4246487617492676,
                2.351675271987915,
                2.4432647228240967,
                2.4816908836364746
            ]
        },
        "SVR": {
            "r2_mean": 0.8864383828616006,
            "r2_std": 0.00817484379198169,
            "rmse_mean": 9.013857948712316,
            "rmse_std": 0.2957178335480392,
            "mae_mean": 3.329624772468528,
            "mae_std": 0.11996075668019193,
            "r2_scores": [
                0.8752580393287307,
                0.8938220713146107,
                0.880451815970481,
                0.8972851059041314,
                0.885374881790049
            ],
            "rmse_scores": [
                9.419121388514467,
                8.706503333629998,
                9.260144429168319,
                8.670518309697137,
                9.013002282551652
            ],
            "mae_scores": [
                3.52223211925327,
                3.2218624594575065,
                3.362140922731033,
                3.3584041306801957,
                3.183484230220634
            ]
        },
        "Neural Network": {
            "r2_mean": 0.956244957447052,
            "r2_std": 0.008839916636972846,
            "rmse_mean": 5.569316900795851,
            "rmse_std": 0.543606779552386,
            "mae_mean": 3.662634038925171,
            "mae_std": 0.5656096895899598,
            "r2_scores": [
                0.944371223449707,
                0.9472847580909729,
                0.9649538397789001,
                0.9654774069786072,
                0.9591375589370728
            ],
            "rmse_scores": [
                6.290047477215494,
                6.134721475883801,
                5.013792279487712,
                5.0266655358499595,
                5.3813577355422915
            ],
            "mae_scores": [
                4.11916446685791,
                4.546863555908203,
                3.13716721534729,
                3.2347030639648438,
                3.2752718925476074
            ]
        }
    },
    "significance_tests": {
        "Linear Regression_vs_Bayesian Ridge": {
            "t_test": {
                "statistic": -1.320801719747364,
                "p_value": 0.25706353647564684,
                "significant": false
            },
            "wilcoxon_test": {
                "statistic": 4.0,
                "p_value": 0.4375,
                "significant": false
            },
            "effect_size": {
                "cohens_d": -0.0028323101771725043,
                "interpretation": "negligible"
            },
            "mean_difference": -1.5068054199263159e-05
        },
        "Linear Regression_vs_Random Forest": {
            "t_test": {
                "statistic": -14.108580042625292,
                "p_value": 0.00014649096588045907,
                "significant": true
            },
            "wilcoxon_test": {
                "statistic": 0.0,
                "p_value": 0.0625,
                "significant": false
            },
            "effect_size": {
                "cohens_d": -9.36679609900756,
                "interpretation": "large"
            },
            "mean_difference": -0.03785581875645827
        },
        "Linear Regression_vs_XGBoost": {
            "t_test": {
                "statistic": -14.416089508679256,
                "p_value": 0.00013457263360724242,
                "significant": true
            },
            "wilcoxon_test": {
                "statistic": 0.0,
                "p_value": 0.0625,
                "significant": false
            },
            "effect_size": {
                "cohens_d": -8.781284535183413,
                "interpretation": "large"
            },
            "mean_difference": -0.03864915370941158
        },
        "Linear Regression_vs_SVR": {
            "t_test": {
                "statistic": 18.297245767196756,
                "p_value": 5.2481878699478185e-05,
                "significant": true
            },
            "wilcoxon_test": {
                "statistic": 0.0,
                "p_value": 0.0625,
                "significant": false
            },
            "effect_size": {
                "cohens_d": 7.6005149067617115,
                "interpretation": "large"
            },