{
    "feature_importance": {
        "ghg_emissions_int_log": 0.19308031042843382,
        "floor_area_log": 0.0070788307735934666,
        "electric_eui": 0.15426699153094844,
        "fuel_eui": 0.16855659583225246,
        "energy_star_rating_normalized": 0.020600980292175924,
        "energy_mix": 0.003527096338841603,
        "building_age_log": 0.000989845998261033,
        "floor_area_squared": 0.0003613601251490722,
        "energy_intensity_ratio": 0.18868221266311594,
        "building_age_squared": 0.008765625181692856,
        "energy_star_rating_squared": 0.060401590386432,
        "ghg_per_area": 0.19368607713120772
    },
    "feature_importance_std": {
        "ghg_emissions_int_log": 8.893573832474083e-07,
        "floor_area_log": 9.82957297891981e-07,
        "electric_eui": 1.007043621317514e-06,
        "fuel_eui": 1.0281781182036189e-06,
        "energy_star_rating_normalized": 9.693443272401164e-07,
        "energy_mix": 1.0430876663107793e-06,
        "building_age_log": 9.819279814397967e-07,
        "floor_area_squared": 9.582646410700794e-07,
        "energy_intensity_ratio": 1.003088719962918e-06,
        "building_age_squared": 1.1043768574810766e-06,
        "energy_star_rating_squared": 1.0028778804097128e-06,
        "ghg_per_area": 1.105574240812792e-06
    },
    "target_correlations": {
        "ghg_emissions_int_log": 0.9389433883352163,
        "floor_area_log": 0.1835703020939087,
        "electric_eui": 0.6983235607878786,
        "fuel_eui": 0.6256201357383205,
        "energy_star_rating_normalized": -0.5150949545386211,
        "energy_mix": 0.21437659311228624,
        "building_age_log": -0.18122647000694683,
        "floor_area_squared": 0.1835699954781761,
        "energy_intensity_ratio": 0.24251462175185948,
        "building_age_squared": -0.1806112506387019,
        "energy_star_rating_squared": -0.5779048127501762,
        "ghg_per_area": 0.27828524793265663
    },
    "interaction_strength": {
        "ghg_emissions_int_log_floor_area_log": 0.13103207728892752,
        "ghg_emissions_int_log_electric_eui": 0.5609389409209555,
        "ghg_emissions_int_log_fuel_eui": 0.2352093864192053,
        "ghg_emissions_int_log_energy_star_rating_normalized": 0.3609557983207736,
        "ghg_emissions_int_log_building_age_log": 0.23241624253012194,
        "ghg_emissions_int_log_floor_area_squared": 0.1309066038344362,
        "ghg_emissions_int_log_building_age_squared": 0.2323472576586898,
        "ghg_emissions_int_log_energy_star_rating_squared": 0.32417121595221765,
        "ghg_emissions_int_log_ghg_per_area": 0.18049792670904008,
        "floor_area_log_electric_eui": 0.2151846014260732,
        "floor_area_log_fuel_eui": 0.31432816488482285,
        "floor_area_log_energy_star_rating_normalized": 0.33094508820206414,
        "floor_area_log_energy_mix": 0.17784060589266293,
        "floor_area_log_building_age_log": 3.8009797372808443,
        "floor_area_log_floor_area_squared": 6.84533974965497,
        "floor_area_log_energy_intensity_ratio": 1.3778485798601467,
        "floor_area_log_building_age_squared": 3.803073056057042,
        "floor_area_log_energy_star_rating_squared": 0.29642938969421095,
        "floor_area_log_ghg_per_area": 1.2415934711517869,
        "electric_eui_energy_star_rating_normalized": 0.3487864177800537,
        "electric_eui_energy_mix": 0.513207966845143,
        "electric_eui_building_age_log": 0.2910301245018516,
        "electric_eui_floor_area_squared": 0.22936855652101507,
        "electric_eui_building_age_squared": 0.2903081816762043,
        "electric_eui_energy_star_rating_squared": 0.3182565361808436,
        "fuel_eui_energy_star_rating_normalized": 0.15483397820882328,
        "fuel_eui_energy_mix": 0.5432707836834192,
        "fuel_eui_building_age_log": 0.2716708199466913,
        "fuel_eui_floor_area_squared": 0.31430206752856016,
        "fuel_eui_energy_intensity_ratio": 0.1000216508115912,
        "fuel_eui_building_age_squared": 0.26129561813528657,
        "fuel_eui_energy_star_rating_squared": 0.11540677078332351,
        "energy_star_rating_normalized_building_age_log": 0.19335163645709486,
        "energy_star_rating_normalized_floor_area_squared": 0.25953963993183127,
        "energy_star_rating_normalized_energy_intensity_ratio": 0.13094118932743815,
        "energy_star_rating_normalized_building_age_squared": 0.18946282898711342,
        "energy_star_rating_normalized_energy_star_rating_squared": 4.1975121196349825,
        "energy_star_rating_normalized_ghg_per_area": 0.12128965439296646,
        "energy_mix_building_age_log": 0.19898352590295687,
        "energy_mix_floor_area_squared": 0.20466694102569072,
        "energy_mix_building_age_squared": 0.19970199671982414,
        "building_age_log_floor_area_squared": 3.794929820643824,
        "building_age_log_energy_intensity_ratio": 0.476089651145446,
        "building_age_log_building_age_squared": 4.212491640058065,
        "building_age_log_energy_star_rating_squared": 0.15005439543833532,
        "building_age_log_ghg_per_area": 0.41852509604227706,
        "floor_area_squared_energy_intensity_ratio": 1.3756809186164745,
        "floor_area_squared_building_age_squared": 3.80057642287906,
        "floor_area_squared_energy_star_rating_squared": 0.29410460163706986,
        "floor_area_squared_ghg_per_area": 1.2412669687716216,
        "energy_intensity_ratio_building_age_squared": 0.5341356176183796,
        "energy_intensity_ratio_energy_star_rating_squared": 0.1686200592389726,
        "energy_intensity_ratio_ghg_per_area": 2.3440843891009853,
        "building_age_squared_energy_star_rating_squared": 0.14174743652241428,
        "building_age_squared_ghg_per_area": 0.4183119909162931,
        "energy_star_rating_squared_ghg_per_area": 0.12095638812766207
    },
    "model_metrics": {
        "rmse": 6.451245188771297,
        "r2": 0.9419893569731941,
        "mae": 4.212175509800783,
        "mean_std": 121.19059518646903,
        "crps": -56.38312208343373,
        "picp_50": 1.0,
        "picp_80": 1.0,
        "picp_90": 1.0,
        "picp_95": 1.0,
        "picp_99": 1.0
    },
    "prior_hyperparameters": {
        "global_shrinkage": {
            "energy": 0.4179972796375381,
            "building": 0.9997187775689551,
            "interaction": 0.9485798469879672
        },
        "local_shrinkage": {
            "energy": 0.845664762833015,
            "building": 1.5016493857246727,
            "interaction": 1.5408940569966834
        },
        "mixing_parameter": {
            "energy": 0.40891225878518905
        },
        "regularization_strength": {
            "energy": 0.690787932372937
        }
    },
    "shap_importance": {
        "ghg_emissions_int_log": 8.146233174406373,
        "floor_area_log": 0.27764475618878776,
        "electric_eui": 6.581654484631912,
        "fuel_eui": 7.974419870798313,
        "energy_star_rating_normalized": 0.9880495065280461,
        "energy_mix": 0.2016279802640643,
        "building_age_log": 0.013928375790871323,
        "floor_area_squared": 0.0003545318114742537,
        "energy_intensity_ratio": 8.944822000779089,
        "building_age_squared": 0.40374344224518516,
        "energy_star_rating_squared": 2.4346132002908476,
        "ghg_per_area": 9.024738507039663
    }
}