{
    "feature_importance": {
        "ghg_emissions_int_log": 0.19349541265158285,
        "floor_area_log": 0.0012272892251816421,
        "electric_eui": 0.15464009622998828,
        "fuel_eui": 0.1686559215747188,
        "energy_star_rating_normalized": 0.022355353222497484,
        "energy_mix": 0.0030728664399855728,
        "building_age_log": 0.0028267243990528395,
        "floor_area_squared": 0.0012288155519930588,
        "energy_intensity_ratio": 0.18896197142197016,
        "building_age_squared": 0.0038051234083123528,
        "energy_star_rating_squared": 0.06294227563349743,
        "ghg_per_area": 0.19678668557756343
    },
    "feature_importance_std": {
        "ghg_emissions_int_log": 1.012387788450873e-06,
        "floor_area_log": 9.670461057160235e-07,
        "electric_eui": 9.147529926898557e-07,
        "fuel_eui": 1.0217721991142977e-06,
        "energy_star_rating_normalized": 1.0493819083651653e-06,
        "energy_mix": 9.34247497064222e-07,
        "building_age_log": 1.0756318775305525e-06,
        "floor_area_squared": 9.92366331415962e-07,
        "energy_intensity_ratio": 9.382664924372952e-07,
        "building_age_squared": 1.0490337997163137e-06,
        "energy_star_rating_squared": 1.0342391411416537e-06,
        "ghg_per_area": 9.960473325437499e-07
    },
    "target_correlations": {
        "ghg_emissions_int_log": 0.9389433883352163,
        "floor_area_log": 0.1835703020939087,
        "electric_eui": 0.6983235607878786,
        "fuel_eui": 0.6256201357383205,
        "energy_star_rating_normalized": -0.5150949545386211,
        "energy_mix": 0.21437659311228624,
        "building_age_log": -0.18122647000694683,
        "floor_area_squared": 0.1835699954781761,
        "energy_intensity_ratio": 0.24251462175185948,
        "building_age_squared": -0.1806112506387019,
        "energy_star_rating_squared": -0.5779048127501762,
        "ghg_per_area": 0.27828524793265663
    },
    "interaction_strength": {
        "ghg_emissions_int_log_floor_area_log": 0.13104554532942192,
        "ghg_emissions_int_log_electric_eui": 0.560980674417614,
        "ghg_emissions_int_log_fuel_eui": 0.23521722520317745,
        "ghg_emissions_int_log_energy_star_rating_normalized": 0.36061423421567973,
        "ghg_emissions_int_log_building_age_log": 0.23169253854246108,
        "ghg_emissions_int_log_floor_area_squared": 0.13100433993615823,
        "ghg_emissions_int_log_building_age_squared": 0.23280947992081025,
        "ghg_emissions_int_log_energy_star_rating_squared": 0.3240568796646146,
        "ghg_emissions_int_log_ghg_per_area": 0.1804484250119005,
        "floor_area_log_electric_eui": 0.21538661174681728,
        "floor_area_log_fuel_eui": 0.3143004117261672,
        "floor_area_log_energy_star_rating_normalized": 0.32954134561768633,
        "floor_area_log_energy_mix": 0.17789416156618998,
        "floor_area_log_building_age_log": 3.8011650219015216,
        "floor_area_log_floor_area_squared": 6.845236729148839,
        "floor_area_log_energy_intensity_ratio": 1.3768151184909376,
        "floor_area_log_building_age_squared": 3.8010926509283953,
        "floor_area_log_energy_star_rating_squared": 0.2931284853874132,
        "floor_area_log_ghg_per_area": 1.2413697382349493,
        "electric_eui_energy_star_rating_normalized": 0.349369236590233,
        "electric_eui_energy_mix": 0.5135802931830904,
        "electric_eui_building_age_log": 0.2924709249527693,
        "electric_eui_floor_area_squared": 0.22868500586466478,
        "electric_eui_building_age_squared": 0.2902803341176483,
        "electric_eui_energy_star_rating_squared": 0.31953278546990926,
        "fuel_eui_energy_star_rating_normalized": 0.16079893210458884,
        "fuel_eui_energy_mix": 0.5454448984533675,
        "fuel_eui_building_age_log": 0.2591678574250391,
        "fuel_eui_floor_area_squared": 0.314039911340517,
        "fuel_eui_energy_intensity_ratio": 0.10008912810980686,
        "fuel_eui_building_age_squared": 0.2598958208503239,
        "fuel_eui_energy_star_rating_squared": 0.11201925365109133,
        "energy_star_rating_normalized_building_age_log": 0.19108863063530634,
        "energy_star_rating_normalized_floor_area_squared": 0.2626287292428442,
        "energy_star_rating_normalized_energy_intensity_ratio": 0.13232148447228376,
        "energy_star_rating_normalized_building_age_squared": 0.1921868159051643,
        "energy_star_rating_normalized_energy_star_rating_squared": 4.196618480931108,
        "energy_star_rating_normalized_ghg_per_area": 0.12489897774188741,
        "energy_mix_building_age_log": 0.19898686616100214,
        "energy_mix_floor_area_squared": 0.2040304618250941,
        "energy_mix_building_age_squared": 0.19947370152847643,
        "building_age_log_floor_area_squared": 3.792522130846285,
        "building_age_log_energy_intensity_ratio": 0.4764415664164696,
        "building_age_log_building_age_squared": 4.212491640058065,
        "building_age_log_energy_star_rating_squared": 0.14675495148693596,
        "building_age_log_ghg_per_area": 0.4181939528509133,
        "floor_area_squared_energy_intensity_ratio": 1.3766079823260329,
        "floor_area_squared_building_age_squared": 3.8009990103605675,
        "floor_area_squared_energy_star_rating_squared": 0.29572213313579176,
        "floor_area_squared_ghg_per_area": 1.2408281246432242,
        "energy_intensity_ratio_building_age_squared": 0.5341509574982322,
        "energy_intensity_ratio_energy_star_rating_squared": 0.16852644427893448,
        "energy_intensity_ratio_ghg_per_area": 2.3440867353104324,
        "building_age_squared_energy_star_rating_squared": 0.1428781536010284,
        "building_age_squared_ghg_per_area": 0.4186450555014902,
        "energy_star_rating_squared_ghg_per_area": 0.12114011396287783
    },
    "model_metrics": {
        "rmse": 47.777964080745825,
        "r2": -2.1818218680250343,
        "mae": 44.64991426831489,
        "mean_std": 0.598888061956029,
        "crps": 44.35047023733687,
        "picp_50": 0.00025716857400025716,
        "picp_80": 0.00038575286100038574,
        "picp_90": 0.0007715057220007715,
        "picp_95": 0.0011572585830011573,
        "picp_99": 0.0012858428700012858
    },
    "prior_hyperparameters": {
        "global_shrinkage": {
            "energy": 0.9168561078937829,
            "building": 1.0004175720768207,
            "interaction": 0.9318273631222467
        },
        "local_shrinkage": {
            "energy": 1.5661670459584351,
            "building": 1.4996871812683739,
            "interaction": 1.5544939471420982
        },
        "mixing_parameter": {},
        "regularization_strength": {}
    },
    "shap_importance": {
        "ghg_emissions_int_log": 0.12074557309616858,
        "floor_area_log": 0.002847105376609677,
        "electric_eui": 5.786702296204563,
        "fuel_eui": 5.40271148234982,
        "energy_star_rating_normalized": 0.009883603776923032,
        "energy_mix": 0.00021701074063664477,
        "building_age_log": 0.002550219285809993,
        "floor_area_squared": 0.005709425921771828,
        "energy_intensity_ratio": 0.00012527902918457734,
        "building_age_squared": 0.006977125672823664,
        "energy_star_rating_squared": 0.03235415625649798,
        "ghg_per_area": 0.0
    }
}