{
    "ghg_emissions_int_log": 0.16168987928667142,
    "floor_area_log": 0.00262889065976357,
    "electric_eui": 0.1296967598566158,
    "fuel_eui": 0.14170248904723012,
    "energy_star_rating_normalized": 0.018578526648952255,
    "energy_mix": 0.0030139968490008853,
    "building_age_log": 0.07947091088689003,
    "floor_area_squared": 0.0033794943304501475,
    "energy_intensity_ratio": 0.15897929081199927,
    "building_age_squared": 0.08537326671686694,
    "energy_star_rating_squared": 0.05221818006286088,
    "ghg_per_area": 0.16327036018171615
}