{
    "ghg_emissions_int_log": 0.1616865903487486,
    "floor_area_log": 0.002629524895273429,
    "electric_eui": 0.12969689395129294,
    "fuel_eui": 0.14170231895253516,
    "energy_star_rating_normalized": 0.018576331737717243,
    "energy_mix": 0.003013550739881057,
    "building_age_log": 0.07947123390070189,
    "floor_area_squared": 0.0033807784158133743,
    "energy_intensity_ratio": 0.15897875809725037,
    "building_age_squared": 0.08537225180990828,
    "energy_star_rating_squared": 0.05221738481149357,
    "ghg_per_area": 0.16327051052480682
}