{
    "rmse": 6.45095465200295,
    "mae": 4.211577334395209,
    "r2": 0.9419945819630186
}