{
    "rmse": 6.451245188771297,
    "mae": 4.212175509800783,
    "r2": 0.9419893569731941
}