{
    "fold": 1.0,
    "rmse": 47.777964080745825,
    "mae": 44.64991426831489,
    "r2": -2.1818218680250343,
    "mean_std": 0.598888061956029,
    "crps": 44.35047023733687,
    "picp_50": 0.00025716857400025716,
    "picp_80": 0.00038575286100038574,
    "picp_90": 0.0007715057220007715,
    "picp_95": 0.0011572585830011573,
    "picp_99": 0.0012858428700012858
}