{
    "temporal_split": {},
    "random_split": {
        "r2": 0.9316106002957337,
        "rmse": 6.97426598907208,
        "mae": 4.517715002185839
    },
    "bootstrap": {
        "r2": {
            "mean": 0.9416480556598151,
            "std": 0.005648997065270779,
            "ci_95": [
                0.9299500864995256,
                0.9512330715935957
            ]
        },
        "rmse": {
            "mean": 6.465713151458471,
            "std": 0.327931352666934,
            "ci_95": [
                5.951901329132483,
                7.103142717792264
            ]
        },
        "mae": {
            "mean": 4.220400668103457,
            "std": 0.13345593205331022,
            "ci_95": [
                3.988305931663224,
                4.460536718847126
            ]
        }
    }
}