{
    "temporal_split": {},
    "random_split": {
        "r2": 0.9316106002957337,
        "rmse": 6.97426598907208,
        "mae": 4.517715002185839
    },
    "bootstrap": {
        "r2": {
            "mean": 0.9407364304445204,
            "std": 0.005805105512620145,
            "ci_95": [
                0.9289784164076753,
                0.9522881480383877
            ]
        },
        "rmse": {
            "mean": 6.505029244102733,
            "std": 0.3442691591023053,
            "ci_95": [
                5.851986166555006,
                7.087808107336953
            ]
        },
        "mae": {
            "mean": 4.232621524686529,
            "std": 0.15087999514128997,
            "ci_95": [
                3.9166411995154267,
                4.5236976246145275
            ]
        }
    }
}