{
    "temporal_split": {},
    "random_split": {
        "r2": 0.9316106002957337,
        "rmse": 6.97426598907208,
        "mae": 4.517715002185839
    },
    "bootstrap": {
        "r2": {
            "mean": 0.9420218364794971,
            "std": 0.004727587292079216,
            "ci_95": [
                0.9313418712871252,
                0.950439908917537
            ]
        },
        "rmse": {
            "mean": 6.442943997102989,
            "std": 0.26898108798804177,
            "ci_95": [
                5.961187985163536,
                6.997311113639994
            ]
        },
        "mae": {
            "mean": 4.239954016364354,
            "std": 0.12848957068735378,
            "ci_95": [
                4.004605653248641,
                4.508791428661959
            ]
        }
    }
}