{
    "temporal_split": {},
    "random_split": {
        "r2": 0.9316106002957337,
        "rmse": 6.97426598907208,
        "mae": 4.517715002185839
    },
    "bootstrap": {
        "r2": {
            "mean": 0.9418160288006655,
            "std": 0.005919025630323258,
            "ci_95": [
                0.9289926561683434,
                0.9528381952721058
            ]
        },
        "rmse": {
            "mean": 6.440511209900993,
            "std": 0.34145641758403206,
            "ci_95": [
                5.753907270530221,
                7.189688073738495
            ]
        },
        "mae": {
            "mean": 4.2221237255226525,
            "std": 0.14297830910851478,
            "ci_95": [
                3.949971796550501,
                4.489068284198859
            ]
        }
    }
}