{
  "iteration": 6,
  "r_hat_stats": [
    602.5947653980976,
    848.8198167700251,
    392.3961911664934,
    306.84377006439297,
    834.3349564451545,
    671.1977588329434,
    624.9915383379071,
    524.9293850669943,
    929.4202753999334,
    565.4630562792235,
    538.1689632533352,
    578.6260556013036
  ],
  "ess_stats": [
    49.202816076517244,
    24.449605438785454,
    7.909776206841195,
    11.06093516694817,
    45.24271328172971,
    20.018998960637926,
    82.69366779110922,
    49.73532780338442,
    50.521973046978495,
    183.19678498084403,
    73.24063713899221,
    42.94655079675265
  ],
  "mean_r_hat": 618.1488777179837,
  "max_r_hat": 929.4202753999334,
  "min_r_hat": 306.84377006439297,
  "mean_ess": 53.35164889079339,
  "min_ess": 7.909776206841195,
  "max_ess": 183.19678498084403
}