{
  "iteration": 14,
  "r_hat_stats": [
    938.0933035801164,
    660.4071933396277,
    360.95204588124557,
    283.85744667415923,
    355.54004317756153,
    850.1380098198541,
    600.6869404986093,
    461.0965645484606,
    693.2793177868505,
    608.4485433117263,
    586.8658957543348,
    646.3770306387764
  ],
  "ess_stats": [
    34.295730619256084,
    6.2274357897858605,
    9.634929512978507,
    6.246315772109353,
    103.80190357520017,
    14.794304351824632,
    29.57249649780791,
    106.81911456328328,
    92.35968966305185,
    122.32808270616405,
    101.34828173985889,
    58.24840735709805
  ],
  "mean_r_hat": 587.1451945842769,
  "max_r_hat": 938.0933035801164,
  "min_r_hat": 283.85744667415923,
  "mean_ess": 57.13972434570155,
  "min_ess": 6.2274357897858605,
  "max_ess": 122.32808270616405
}