{
  "iteration": 13,
  "r_hat_stats": [
    549.2905182535051,
    600.3321764063656,
    239.95448527744068,
    329.4422136216035,
    644.440999995428,
    868.9184856414067,
    714.6196010274367,
    346.53374572278796,
    576.9245281302987,
    666.659580967292,
    516.83917032155,
    458.95896744960567
  ],
  "ess_stats": [
    51.081735458089184,
    5.713752673556346,
    9.960475265121232,
    7.485562322127368,
    126.53304956379654,
    12.0413695464423,
    14.99034125548983,
    139.0930234665378,
    90.87883442305228,
    120.68227257264111,
    142.27082032520104,
    73.4177518207267
  ],
  "mean_r_hat": 542.74287273456,
  "max_r_hat": 868.9184856414067,
  "min_r_hat": 239.95448527744068,
  "mean_ess": 66.17908239106514,
  "min_ess": 5.713752673556346,
  "max_ess": 142.27082032520104
}