{
  "iteration": 15,
  "r_hat_stats": [
    503.7842139068627,
    794.9716827748517,
    201.12936354926558,
    349.4821492040828,
    491.61408440092964,
    697.2674479797248,
    697.8040834671499,
    402.46649799159684,
    512.2553296942021,
    703.2892559815784,
    524.085513923433,
    582.3288263777218
  ],
  "ess_stats": [
    32.8564854658935,
    6.628508750746561,
    8.94469239763266,
    7.321150444186018,
    101.15344560587053,
    23.120156090107862,
    39.449131151901284,
    142.50675106293514,
    109.73594254523309,
    218.24293366778343,
    71.91265854723822,
    49.06583668274703
  ],
  "mean_r_hat": 538.3732041042832,
  "max_r_hat": 794.9716827748517,
  "min_r_hat": 201.12936354926558,
  "mean_ess": 67.57814103435628,
  "min_ess": 6.628508750746561,
  "max_ess": 218.24293366778343
}