{
  "iteration": 8,
  "r_hat_stats": [
    447.1148324477808,
    520.1670677096746,
    208.3726667824555,
    292.5867764101129,
    555.40655477704,
    589.2777051845356,
    480.386294800154,
    568.3957744718743,
    804.00237551844,
    737.7474086707041,
    447.0925571684178,
    461.75640047426754
  ],
  "ess_stats": [
    61.51842579140717,
    26.358489358003233,
    8.740192447995637,
    12.216299263240334,
    144.5148422427177,
    20.056398046434694,
    28.12728284789267,
    43.519256678694894,
    70.87972837673827,
    47.622678700967995,
    87.99870806053553,
    123.7495952289983
  ],
  "mean_r_hat": 509.35886786795476,
  "max_r_hat": 804.00237551844,
  "min_r_hat": 208.3726667824555,
  "mean_ess": 56.27515808696887,
  "min_ess": 8.740192447995637,
  "max_ess": 144.5148422427177
}