{
  "iteration": 10,
  "r_hat_stats": [
    580.2134432476068,
    448.01179489713917,
    190.21229262670715,
    283.74785105191546,
    497.0847612741018,
    601.0835006852441,
    612.2504343467468,
    402.363577600993,
    456.9807301349016,
    480.44561448536257,
    333.67114388316,
    336.9035030223998
  ],
  "ess_stats": [
    36.13358980046191,
    9.884185115060767,
    8.313893350749437,
    8.812536269907916,
    131.78748472719468,
    12.219117977638192,
    20.643270998791227,
    235.83097734943414,
    77.02120988967728,
    127.22725215230282,
    259.40055259070897,
    182.62406418696588
  ],
  "mean_r_hat": 435.2473872713565,
  "max_r_hat": 612.2504343467468,
  "min_r_hat": 190.21229262670715,
  "mean_ess": 92.4915112007411,
  "min_ess": 8.313893350749437,
  "max_ess": 259.40055259070897
}