{
  "iteration": 6,
  "acceptance_rates": [
    0.995,
    1.0,
    1.0,
    0.995,
    1.0,
    1.0,
    1.0,
    1.0,
    1.0,
    1.0,
    1.0,
    0.995
  ],
  "mean_acceptance": 0.9987499999999999,
  "std_acceptance": 0.002165063509461099,
  "min_acceptance": 0.995,
  "max_acceptance": 1.0
}