{
  "iteration": 16,
  "r_hat_stats": [
    526.1047159567988,
    659.2956712881453,
    229.16284744574145,
    218.50245594276856,
    451.02144232261537,
    450.5937988290751,
    693.0653155752419,
    539.9443820250342,
    830.1270218002481,
    391.20709682012057,
    756.9830650871377,
    721.4495994096151
  ],
  "ess_stats": [
    48.64836731774569,
    6.640967631391432,
    9.131955674937956,
    7.254209461415613,
    117.61947713287658,
    25.73537595521913,
    43.2259149794966,
    142.5137650780121,
    74.9296980854808,
    375.7380097165933,
    58.42924844314412,
    39.95135947243242
  ],
  "mean_r_hat": 538.9547843752118,
  "max_r_hat": 830.1270218002481,
  "min_r_hat": 218.50245594276856,
  "mean_ess": 79.15152907906214,
  "min_ess": 6.640967631391432,
  "max_ess": 375.7380097165933
}