{
  "iteration": 7,
  "r_hat_stats": [
    386.6300086446035,
    460.1692291341501,
    169.6399879938809,
    381.4902219088819,
    747.8181121731558,
    588.457806150941,
    872.4207045601872,
    543.3057542546696,
    547.8272709381463,
    423.25107363605804,
    471.73792496050686,
    498.5025686336952
  ],
  "ess_stats": [
    55.210790736431996,
    23.89448785349562,
    10.11935948451692,
    9.496045444349434,
    88.85374543269542,
    24.550324688667224,
    37.31724359271206,
    47.48335424584131,
    52.11231935457254,
    110.47498907264892,
    97.22415578295825,
    74.43090978639222
  ],
  "mean_r_hat": 507.60422191573963,
  "max_r_hat": 872.4207045601872,
  "min_r_hat": 169.6399879938809,
  "mean_ess": 52.597310456273505,
  "min_ess": 9.496045444349434,
  "max_ess": 110.47498907264892
}