{
  "iteration": 17,
  "r_hat_stats": [
    705.9495204801697,
    615.2995910433864,
    297.96026979688907,
    472.26592600656966,
    568.8409173096734,
    303.84027715222766,
    400.6191434762481,
    365.2171342356052,
    642.4184195646806,
    431.4899793117768,
    391.9316334099935,
    416.5944387029912
  ],
  "ess_stats": [
    48.22712102534519,
    7.257026837465306,
    9.220839386544952,
    6.4196531159729835,
    106.13613900016777,
    26.247843102228384,
    42.63856414123404,
    141.98500188668012,
    59.633349098505036,
    106.38014841236861,
    120.81965267222331,
    41.81703919725141
  ],
  "mean_r_hat": 467.70227087418425,
  "max_r_hat": 705.9495204801697,
  "min_r_hat": 297.96026979688907,
  "mean_ess": 59.731864822998936,
  "min_ess": 6.4196531159729835,
  "max_ess": 141.98500188668012
}