{
  "iteration": 19,
  "r_hat_stats": [
    947.9610847638502,
    480.13394551253276,
    322.72615829116484,
    328.3895457363026,
    646.8868270904605,
    615.8619362285008,
    399.1652572387929,
    481.23931849384326,
    698.7956328248428,
    398.8337487036905,
    476.20035210243583,
    690.7025703882383
  ],
  "ess_stats": [
    51.49695215743824,
    7.241768791331999,
    7.289986092092489,
    6.657622308266695,
    160.00651325460322,
    18.596398862591304,
    87.16678665987955,
    59.808247851895835,
    82.40418173079068,
    341.88235358196914,
    167.17877809982144,
    36.16711747420047
  ],
  "mean_r_hat": 540.5746981145546,
  "max_r_hat": 947.9610847638502,
  "min_r_hat": 322.72615829116484,
  "mean_ess": 85.49139223874009,
  "min_ess": 6.657622308266695,
  "max_ess": 341.88235358196914
}