{
  "iteration": 5,
  "r_hat_stats": [
    550.7766334580141,
    297.6346769982632,
    177.55205393100036,
    470.8286838473521,
    664.8621238311515,
    715.9404987115067,
    244.48314582866186,
    492.0540420110808,
    421.813992220574,
    571.4665146076221,
    605.2708430017277,
    521.5099220953001
  ],
  "ess_stats": [
    96.7138561438393,
    24.538626900312146,
    7.8709808001793995,
    10.733091254994447,
    44.72287313337371,
    22.869078759484736,
    253.9692250167171,
    47.397061295779395,
    86.388856268914,
    92.7107407398761,
    136.1914787455331,
    54.1886513358097
  ],
  "mean_r_hat": 477.84942754518784,
  "max_r_hat": 715.9404987115067,
  "min_r_hat": 177.55205393100036,
  "mean_ess": 73.1912100329011,
  "min_ess": 7.8709808001793995,
  "max_ess": 253.9692250167171
}