{
  "iteration": 12,
  "r_hat_stats": [
    565.2376076913794,
    423.19330650523085,
    210.95623085839784,
    311.96852538596784,
    582.713025555495,
    582.6546549274568,
    339.3908398036836,
    366.2342706754696,
    748.1465598474131,
    430.88003030242726,
    461.5043353945518,
    467.54591917674935
  ],
  "ess_stats": [
    41.96203936952754,
    8.243489927208259,
    8.934533093427296,
    7.761466208402621,
    100.53236318057515,
    9.455571336207125,
    19.086917934865067,
    167.7507445987528,
    125.32789633046413,
    94.21343230667884,
    135.10160160647965,
    70.2498834121594
  ],
  "mean_r_hat": 457.53544217701864,
  "max_r_hat": 748.1465598474131,
  "min_r_hat": 210.95623085839784,
  "mean_ess": 65.71832827539566,
  "min_ess": 7.761466208402621,
  "max_ess": 167.7507445987528
}