{
  "iteration": 4,
  "r_hat_stats": [
    674.0714243193925,
    1012.2518543157124,
    273.17720863155574,
    354.17772579739324,
    594.419077321171,
    308.266446434934,
    574.9407942263705,
    556.1265608979496,
    749.561190499361,
    523.5015757105925,
    664.8673391497945,
    506.58743024853567
  ],
  "ess_stats": [
    101.52051310959361,
    22.888598225774338,
    7.660723985492742,
    9.804989373376806,
    32.56737375035443,
    58.22991772867021,
    119.4981501712316,
    40.45534384486075,
    118.7268376375582,
    169.76945468048447,
    190.3869936024823,
    68.2185295461216
  ],
  "mean_r_hat": 565.9957189627303,
  "max_r_hat": 1012.2518543157124,
  "min_r_hat": 273.17720863155574,
  "mean_ess": 78.31061880466676,
  "min_ess": 7.660723985492742,
  "max_ess": 190.3869936024823
}