{
  "iteration": 1,
  "r_hat_stats": [
    467.89737281173785,
    251.80825598710624,
    187.11225746297092,
    284.87713630682885,
    967.9984930846028,
    501.47556292558676,
    510.25110521046,
    442.8010847952281,
    800.0415677606597,
    683.0270458916739,
    499.2503759877677,
    519.0969844248423
  ],
  "ess_stats": [
    165.07173900029423,
    72.13969721021988,
    8.904016844796352,
    12.979383875596962,
    78.72790608762193,
    199.95502981692786,
    187.11325702607985,
    24.73277708543996,
    94.92183785960825,
    64.20192152516228,
    191.06785627310944,
    203.62891343994787
  ],
  "mean_r_hat": 509.6364368874554,
  "max_r_hat": 967.9984930846028,
  "min_r_hat": 187.11225746297092,
  "mean_ess": 108.62036133706705,
  "min_ess": 8.904016844796352,
  "max_ess": 203.62891343994787
}