{
  "iteration": 9,
  "r_hat_stats": [
    750.9388830413153,
    443.51652917590076,
    330.6304560254168,
    553.5430184118635,
    561.5339750081822,
    296.4558421002392,
    606.6966798738663,
    489.92544355721714,
    446.9004991770614,
    583.668485283646,
    539.0670046168913,
    425.1523039525691
  ],
  "ess_stats": [
    22.888283485310698,
    15.072262719782659,
    7.971512639350987,
    12.20767434288931,
    217.90882353017824,
    14.68345201091457,
    18.028372476499303,
    109.24429649696468,
    67.40911384333265,
    34.51241074883122,
    90.75488706895541,
    114.5545685873093
  ],
  "mean_r_hat": 502.3357600186808,
  "max_r_hat": 750.9388830413153,
  "min_r_hat": 296.4558421002392,
  "mean_ess": 60.436304829193254,
  "min_ess": 7.971512639350987,
  "max_ess": 217.90882353017824
}