{
  "iteration": 2,
  "r_hat_stats": [
    421.69604455604156,
    426.7526900936006,
    179.36892041498956,
    430.55399448480006,
    772.0430650750219,
    675.1083732620965,
    688.1584657058276,
    348.78466297152295,
    320.09528493431435,
    308.8373341434108,
    231.3307382607635,
    361.5326016713542
  ],
  "ess_stats": [
    217.83934669211845,
    58.27882061995123,
    7.652819091961308,
    13.699976221839899,
    85.30481435585864,
    81.45912570120977,
    139.11214308877658,
    29.499023056959555,
    382.2260230126527,
    328.3011900403036,
    409.85450931354126,
    387.2359454392395
  ],
  "mean_r_hat": 430.35518129781207,
  "max_r_hat": 772.0430650750219,
  "min_r_hat": 179.36892041498956,
  "mean_ess": 178.37197805286772,
  "min_ess": 7.652819091961308,
  "max_ess": 409.85450931354126
}