{
  "iteration": 4,
  "acceptance_rates": [
    1.0,
    1.0,
    1.0,
    1.0,
    1.0,
    0.99,
    1.0,
    1.0,
    1.0,
    1.0,
    1.0,
    1.0
  ],
  "mean_acceptance": 0.9991666666666666,
  "std_acceptance": 0.002763853991962836,
  "min_acceptance": 0.99,
  "max_acceptance": 1.0
}