{
  "iteration": 18,
  "r_hat_stats": [
    963.3857801695389,
    564.8948035024615,
    233.11877833844332,
    298.3717975975702,
    852.15496420946,
    658.2784829048186,
    796.2677348310018,
    452.89274944645354,
    604.6293462007467,
    405.5212422863889,
    676.7928841410217,
    537.5286914312079
  ],
  "ess_stats": [
    39.60346151870963,
    7.609318301695573,
    7.282449101938439,
    7.375096930824328,
    56.12966528096005,
    15.543800176568787,
    60.21994786575167,
    71.5417566620723,
    96.72724893508656,
    485.56687515782113,
    184.4869901905611,
    28.767883782584168
  ],
  "mean_r_hat": 586.9864379215929,
  "max_r_hat": 963.3857801695389,
  "min_r_hat": 233.11877833844332,
  "mean_ess": 88.40454115871448,
  "min_ess": 7.282449101938439,
  "max_ess": 485.56687515782113
}