{
  "iteration": 11,
  "r_hat_stats": [
    533.7238574084303,
    395.7419341687243,
    210.86068959908746,
    308.88439178003904,
    570.9940524295597,
    402.270816141446,
    671.1622256922549,
    495.81653412010843,
    375.9908845903944,
    433.7073824489857,
    832.405912339741,
    639.361020467771
  ],
  "ess_stats": [
    32.57533323011081,
    11.693823036468606,
    10.492751817421773,
    7.6853637192301205,
    93.07070492265314,
    11.581421400972411,
    15.517286620172227,
    132.85182204219737,
    138.622828874855,
    92.66008529626393,
    68.55100810024713,
    107.03768467469664
  ],
  "mean_r_hat": 489.2433084322118,
  "max_r_hat": 832.405912339741,
  "min_r_hat": 210.86068959908746,
  "mean_ess": 60.195009477940765,
  "min_ess": 7.6853637192301205,
  "max_ess": 138.622828874855
}