{
  "iteration": 20,
  "r_hat_stats": [
    571.9954546128032,
    459.0272075072147,
    325.49149341456496,
    639.1791276559045,
    590.1640588625197,
    581.6425231575058,
    418.16130065058167,
    462.43775560451877,
    519.4898094031834,
    547.873016720831,
    609.7111339713306,
    546.1278850371539
  ],
  "ess_stats": [
    38.94382798601346,
    8.429917259844242,
    7.709961283134571,
    5.725173382470267,
    92.58269807820831,
    15.833646364435392,
    87.45125292987234,
    46.09742001572271,
    119.05400758132743,
    218.29500930712115,
    102.21469261273107,
    90.60728081818333
  ],
  "mean_r_hat": 522.6083972165094,
  "max_r_hat": 639.1791276559045,
  "min_r_hat": 325.49149341456496,
  "mean_ess": 69.41207396825536,
  "min_ess": 5.725173382470267,
  "max_ess": 218.29500930712115
}