{
  "iteration": 3,
  "r_hat_stats": [
    389.30006934985073,
    423.43107280869054,
    185.01394264250607,
    299.5675187448368,
    526.871650122773,
    772.2874763636989,
    698.7780953568059,
    490.79797828692494,
    409.2578826495982,
    351.54128020753853,
    401.62886311306664,
    441.7527930468667
  ],
  "ess_stats": [
    248.0637243735121,
    52.38756060361579,
    7.5644926025320025,
    10.174917489690728,
    77.39652598478347,
    43.558770200376735,
    185.0296848821714,
    65.1929997163031,
    214.52078765277872,
    161.32784979090343,
    395.85845043301555,
    120.15493784861388
  ],
  "mean_r_hat": 449.1857185577631,
  "max_r_hat": 772.2874763636989,
  "min_r_hat": 185.01394264250607,
  "mean_ess": 131.76922513152473,
  "min_ess": 7.5644926025320025,
  "max_ess": 395.85845043301555
}