{
    "fold": 3.0,
    "rmse": 6.336924095573158,
    "mae": 4.050507496845947,
    "r2": 0.9438302819768637,
    "mean_std": 0.2112740402210987
}