{
  "iteration": 2,
  "r_hat_stats": [
    13.001792667309962,
    22.687326474079793,
    2.5067745395091636,
    1.6136912072398515,
    13.066809844210447,
    10.129699010842632,
    23.57563254684729,
    9.93148605663353,
    17.25133065298447,
    23.035773943337166,
    41.706644019597654,
    13.125493609607329
  ],
  "ess_stats": [
    8.006662724171697,
    54.502015879774106,
    8.36486390203723,
    8.927795448384643,
    40.20816628221948,
    157.59184839385034,
    24.90053597755382,
    5.344742305286378,
    35.568397981468515,
    21.021083185271,
    18.11338689807324,
    128.13237759324824
  ],
  "mean_r_hat": 15.969371214349943,
  "max_r_hat": 41.706644019597654,
  "mean_ess": 42.55682304761156,
  "min_ess": 5.344742305286378
}