{
  "iteration": 7,
  "acceptance_rates": [
    1.0,
    0.99,
    1.0,
    0.98,
    0.98,
    1.0,
    0.95,
    1.0
  ],
  "mean_acceptance": 0.9874999999999999,
  "std_acceptance": 0.016393596310755015
}