{
  "iteration": 5,
  "r_hat_stats": [
    15.369037095701652,
    33.458709650639406,
    3.686435014509635,
    1.107853142129921,
    22.68817104628658,
    10.544906022770226,
    27.409825705645932,
    12.900526286467647,
    16.53446126037402,
    12.649378570446146,
    17.733272045061312,
    18.55662794161668
  ],
  "ess_stats": [
    17.98808918317787,
    28.365087122756762,
    4.413847582698847,
    4.414169278172237,
    29.02550651801568,
    154.59516312506395,
    26.39536475024383,
    91.32472522355299,
    31.546399826772266,
    44.64489509673287,
    53.99706809624959,
    90.10083004516818
  ],
  "mean_r_hat": 16.053266981804097,
  "max_r_hat": 33.458709650639406,
  "mean_ess": 48.067595487383755,
  "min_ess": 4.413847582698847
}