{
  "iteration": 6,
  "r_hat_stats": [
    9.01260253193423,
    13.047844606137387,
    1.5965921322123635,
    2.657317434154359,
    13.142464483881845,
    20.51751454818535,
    16.96643174153774,
    11.649151841598176,
    11.178026675590601,
    16.01721784005822,
    23.22733229071745,
    10.817400879931094
  ],
  "ess_stats": [
    31.807839795208075,
    119.96902084981954,
    4.449806740723841,
    4.401169211606305,
    54.00023847563142,
    61.31956712848211,
    54.90374230499725,
    93.74407542690084,
    31.11042633160142,
    15.96228414057401,
    46.70038457228658,
    119.8599699637056
  ],
  "mean_r_hat": 12.485824750494901,
  "max_r_hat": 23.22733229071745,
  "mean_ess": 53.18571041179475,
  "min_ess": 4.401169211606305
}