{
  "iteration": 4,
  "r_hat_stats": [
    31.850183800815742,
    16.67979140208008,
    2.3212185522464317,
    1.9590731725825492,
    5.900018124932371,
    17.650424974131866,
    38.744584190192235,
    8.80075706392179,
    19.04687998826723,
    12.886276481373592,
    14.328985015951636,
    19.223321603268918
  ],
  "ess_stats": [
    6.828522912624685,
    212.64165765610636,
    4.446137093949857,
    4.464585860951861,
    47.69995811259499,
    56.10979975941391,
    14.40907941335489,
    283.62879868335045,
    37.819651668882,
    22.95541916274789,
    42.79787528424118,
    56.04610748077928
  ],
  "mean_r_hat": 15.78262619748037,
  "max_r_hat": 38.744584190192235,
  "mean_ess": 65.82063275741645,
  "min_ess": 4.446137093949857
}