{
  "iteration": 7,
  "r_hat_stats": [
    16.128317975034406,
    23.273149390031527,
    3.08714090718154,
    3.076064568702214,
    23.521541815024804,
    12.568730809855522,
    23.18691930376958,
    13.060343052835277,
    26.200539850932184,
    15.856962117678222,
    16.990479815865424,
    14.135637807252186
  ],
  "ess_stats": [
    13.536448782761136,
    34.02190160950977,
    4.471981397886806,
    4.439839364505098,
    13.666907083690647,
    133.18293983835753,
    72.5612779703946,
    74.81899980321707,
    63.254363457746976,
    17.49250568484758,
    65.2119413589973,
    132.96245152140196
  ],
  "mean_r_hat": 15.92381895118024,
  "max_r_hat": 26.200539850932184,
  "mean_ess": 52.46846315610971,
  "min_ess": 4.439839364505098
}