{
  "iteration": 8,
  "acceptance_rates": [
    1.0,
    0.99,
    1.0,
    0.98,
    0.98,
    0.98,
    0.98,
    0.99
  ],
  "mean_acceptance": 0.9874999999999999,
  "std_acceptance": 0.008291561975888507
}