{
  "iteration": 3,
  "acceptance_rates": [
    0.95,
    0.99,
    1.0,
    0.99,
    0.99,
    0.99,
    0.98,
    0.98
  ],
  "mean_acceptance": 0.9837499999999999,
  "std_acceptance": 0.01408678458698082
}