{
  "iteration": 8,
  "r_hat_stats": [
    8.58784898268418,
    15.112349608499692,
    2.7532260365306866,
    2.390811894105046,
    20.005247734619697,
    16.06707919572656,
    18.319247015958354,
    16.707731238108078,
    13.457101371865168,
    18.191399187594975,
    16.55634259022228,
    11.721957553044394
  ],
  "ess_stats": [
    21.145396644916605,
    22.49937491502014,
    4.46977527945181,
    4.5077805324979545,
    35.770778426239886,
    110.05591314993751,
    75.36699425227071,
    117.82431404120395,
    44.168895268457945,
    10.824816203511872,
    111.89582868833205,
    59.273199772344135
  ],
  "mean_r_hat": 13.322528534079924,
  "max_r_hat": 20.005247734619697,
  "mean_ess": 51.48358893118205,
  "min_ess": 4.46977527945181
}