{
  "iteration": 5,
  "acceptance_rates": [
    0.96,
    0.97,
    0.99,
    0.98,
    1.0,
    0.99,
    0.97,
    0.99
  ],
  "mean_acceptance": 0.98125,
  "std_acceptance": 0.012686114456365286
}