{
  "iteration": 1,
  "r_hat_stats": [
    1.9472679841314442,
    13.507561697850843,
    1.3045055603184887,
    1.6045945170574996,
    4.769283383026341,
    5.224160326588907,
    17.34302037679397,
    16.94254168177464,
    4.128101984004368,
    21.858683875550764,
    3.938511100037785,
    3.3253252093160883
  ],
  "ess_stats": [
    551.3356360922284,
    65.17366810619289,
    5.626602714715701,
    5.740825639583814,
    553.9861892000151,
    607.488381217569,
    91.10227866010655,
    13.686156689970367,
    460.58805809886775,
    63.28081778166446,
    613.4631421270241,
    588.8662185542245
  ],
  "mean_r_hat": 7.991129808037596,
  "max_r_hat": 21.858683875550764,
  "mean_ess": 301.69483124018024,
  "min_ess": 5.626602714715701
}