{
  "iteration": 9,
  "r_hat_stats": [
    18.15017740520648,
    18.83386862800787,
    2.4216887024756826,
    1.5413198925165577,
    13.407109294694154,
    9.282747938081549,
    27.946391603489708,
    16.00684418245668,
    15.678435685492074,
    14.789572831183953,
    37.69885061826347,
    17.119804285678562
  ],
  "ess_stats": [
    18.194213174959156,
    34.9334250858665,
    4.408434030423272,
    4.471021148346798,
    58.09342325111231,
    116.53767951355378,
    17.83203121038792,
    99.24938086904709,
    24.68521828212837,
    27.616018974454697,
    17.620965720260784,
    42.991859420923326
  ],
  "mean_r_hat": 16.07306758896223,
  "max_r_hat": 37.69885061826347,
  "mean_ess": 38.88613922345533,
  "min_ess": 4.408434030423272
}