{
  "iteration": 3,
  "r_hat_stats": [
    15.95945586407279,
    12.594250567481122,
    4.000299975066297,
    2.0130951256086225,
    18.513489096201663,
    13.912323515796272,
    21.923028351626243,
    11.901270212640256,
    16.54012820592297,
    16.975824054941754,
    15.67092154220189,
    13.434010785671072
  ],
  "ess_stats": [
    12.790513363042693,
    116.86467882042787,
    4.340464348343402,
    4.409139595303699,
    53.305196005860886,
    91.89728596355457,
    49.56197624742982,
    101.56997620076055,
    61.54103962483613,
    17.62671051785433,
    18.0498376204466,
    36.319399160630056
  ],
  "mean_r_hat": 13.619841441435911,
  "max_r_hat": 21.923028351626243,
  "mean_ess": 47.35635145570755,
  "min_ess": 4.340464348343402
}